cycle,time_ps,interface,valid,ready,fire,rob_value
4245,8490,TOP.SimTop.cpu.l_soc.core_with_l2.core.backend.inner_ctrlBlock.dispatch.io_fromRename_3,0,0,0,6
4246,8492,TOP.SimTop.cpu.l_soc.core_with_l2.core.backend.inner_ctrlBlock.dispatch.io_fromRename_3,0,0,0,6
4247,8494,TOP.SimTop.cpu.l_soc.core_with_l2.core.backend.inner_ctrlBlock.dispatch.io_fromRename_3,0,0,0,6
4248,8496,TOP.SimTop.cpu.l_soc.core_with_l2.core.backend.inner_ctrlBlock.dispatch.io_fromRename_3,0,0,0,6
4249,8498,TOP.SimTop.cpu.l_soc.core_with_l2.core.backend.inner_ctrlBlock.dispatch.io_fromRename_3,0,0,0,6
4250,8500,TOP.SimTop.cpu.l_soc.core_with_l2.core.backend.inner_ctrlBlock.dispatch.io_fromRename_3,0,1,0,6
4251,8502,TOP.SimTop.cpu.l_soc.core_with_l2.core.backend.inner_ctrlBlock.dispatch.io_fromRename_3,1,1,1,14
4252,8504,TOP.SimTop.cpu.l_soc.core_with_l2.core.backend.inner_ctrlBlock.dispatch.io_fromRename_3,1,0,0,20
4253,8506,TOP.SimTop.cpu.l_soc.core_with_l2.core.backend.inner_ctrlBlock.dispatch.io_fromRename_3,1,0,0,20
4254,8508,TOP.SimTop.cpu.l_soc.core_with_l2.core.backend.inner_ctrlBlock.dispatch.io_fromRename_3,1,0,0,20
4255,8510,TOP.SimTop.cpu.l_soc.core_with_l2.core.backend.inner_ctrlBlock.dispatch.io_fromRename_3,1,0,0,20
4256,8512,TOP.SimTop.cpu.l_soc.core_with_l2.core.backend.inner_ctrlBlock.dispatch.io_fromRename_3,1,0,0,20
4257,8514,TOP.SimTop.cpu.l_soc.core_with_l2.core.backend.inner_ctrlBlock.dispatch.io_fromRename_3,1,0,0,20
4258,8516,TOP.SimTop.cpu.l_soc.core_with_l2.core.backend.inner_ctrlBlock.dispatch.io_fromRename_3,1,0,0,20
4259,8518,TOP.SimTop.cpu.l_soc.core_with_l2.core.backend.inner_ctrlBlock.dispatch.io_fromRename_3,1,0,0,20
4260,8520,TOP.SimTop.cpu.l_soc.core_with_l2.core.backend.inner_ctrlBlock.dispatch.io_fromRename_3,1,0,0,20
4261,8522,TOP.SimTop.cpu.l_soc.core_with_l2.core.backend.inner_ctrlBlock.dispatch.io_fromRename_3,1,0,0,20
4262,8524,TOP.SimTop.cpu.l_soc.core_with_l2.core.backend.inner_ctrlBlock.dispatch.io_fromRename_3,1,0,0,20
4263,8526,TOP.SimTop.cpu.l_soc.core_with_l2.core.backend.inner_ctrlBlock.dispatch.io_fromRename_3,1,0,0,20
4264,8528,TOP.SimTop.cpu.l_soc.core_with_l2.core.backend.inner_ctrlBlock.dispatch.io_fromRename_3,1,1,1,20
4265,8530,TOP.SimTop.cpu.l_soc.core_with_l2.core.backend.inner_ctrlBlock.dispatch.io_fromRename_3,0,0,0,20
4266,8532,TOP.SimTop.cpu.l_soc.core_with_l2.core.backend.inner_ctrlBlock.dispatch.io_fromRename_3,0,0,0,20
4267,8534,TOP.SimTop.cpu.l_soc.core_with_l2.core.backend.inner_ctrlBlock.dispatch.io_fromRename_3,0,0,0,20
4268,8536,TOP.SimTop.cpu.l_soc.core_with_l2.core.backend.inner_ctrlBlock.dispatch.io_fromRename_3,0,0,0,20
4269,8538,TOP.SimTop.cpu.l_soc.core_with_l2.core.backend.inner_ctrlBlock.dispatch.io_fromRename_3,0,0,0,20
4270,8540,TOP.SimTop.cpu.l_soc.core_with_l2.core.backend.inner_ctrlBlock.dispatch.io_fromRename_3,0,0,0,20
4271,8542,TOP.SimTop.cpu.l_soc.core_with_l2.core.backend.inner_ctrlBlock.dispatch.io_fromRename_3,0,0,0,20
4272,8544,TOP.SimTop.cpu.l_soc.core_with_l2.core.backend.inner_ctrlBlock.dispatch.io_fromRename_3,0,0,0,20
4273,8546,TOP.SimTop.cpu.l_soc.core_with_l2.core.backend.inner_ctrlBlock.dispatch.io_fromRename_3,0,0,0,20
4274,8548,TOP.SimTop.cpu.l_soc.core_with_l2.core.backend.inner_ctrlBlock.dispatch.io_fromRename_3,0,0,0,20
4275,8550,TOP.SimTop.cpu.l_soc.core_with_l2.core.backend.inner_ctrlBlock.dispatch.io_fromRename_3,0,0,0,20
4276,8552,TOP.SimTop.cpu.l_soc.core_with_l2.core.backend.inner_ctrlBlock.dispatch.io_fromRename_3,0,0,0,20
4277,8554,TOP.SimTop.cpu.l_soc.core_with_l2.core.backend.inner_ctrlBlock.dispatch.io_fromRename_3,0,1,0,20
4278,8556,TOP.SimTop.cpu.l_soc.core_with_l2.core.backend.inner_ctrlBlock.dispatch.io_fromRename_3,0,0,0,20
4279,8558,TOP.SimTop.cpu.l_soc.core_with_l2.core.backend.inner_ctrlBlock.dispatch.io_fromRename_3,0,1,0,20
4280,8560,TOP.SimTop.cpu.l_soc.core_with_l2.core.backend.inner_ctrlBlock.dispatch.io_fromRename_3,0,1,0,20
4281,8562,TOP.SimTop.cpu.l_soc.core_with_l2.core.backend.inner_ctrlBlock.dispatch.io_fromRename_3,0,1,0,20
4282,8564,TOP.SimTop.cpu.l_soc.core_with_l2.core.backend.inner_ctrlBlock.dispatch.io_fromRename_3,0,1,0,20
4283,8566,TOP.SimTop.cpu.l_soc.core_with_l2.core.backend.inner_ctrlBlock.dispatch.io_fromRename_3,0,1,0,20
4284,8568,TOP.SimTop.cpu.l_soc.core_with_l2.core.backend.inner_ctrlBlock.dispatch.io_fromRename_3,0,1,0,20
4285,8570,TOP.SimTop.cpu.l_soc.core_with_l2.core.backend.inner_ctrlBlock.dispatch.io_fromRename_3,0,1,0,20
4286,8572,TOP.SimTop.cpu.l_soc.core_with_l2.core.backend.inner_ctrlBlock.dispatch.io_fromRename_3,0,1,0,20
4287,8574,TOP.SimTop.cpu.l_soc.core_with_l2.core.backend.inner_ctrlBlock.dispatch.io_fromRename_3,0,1,0,20
4288,8576,TOP.SimTop.cpu.l_soc.core_with_l2.core.backend.inner_ctrlBlock.dispatch.io_fromRename_3,0,1,0,20
4289,8578,TOP.SimTop.cpu.l_soc.core_with_l2.core.backend.inner_ctrlBlock.dispatch.io_fromRename_3,0,1,0,20
4290,8580,TOP.SimTop.cpu.l_soc.core_with_l2.core.backend.inner_ctrlBlock.dispatch.io_fromRename_3,1,0,0,23
4291,8582,TOP.SimTop.cpu.l_soc.core_with_l2.core.backend.inner_ctrlBlock.dispatch.io_fromRename_3,1,0,0,23
4292,8584,TOP.SimTop.cpu.l_soc.core_with_l2.core.backend.inner_ctrlBlock.dispatch.io_fromRename_3,1,0,0,23
4293,8586,TOP.SimTop.cpu.l_soc.core_with_l2.core.backend.inner_ctrlBlock.dispatch.io_fromRename_3,1,0,0,23
4294,8588,TOP.SimTop.cpu.l_soc.core_with_l2.core.backend.inner_ctrlBlock.dispatch.io_fromRename_3,1,0,0,23
4295,8590,TOP.SimTop.cpu.l_soc.core_with_l2.core.backend.inner_ctrlBlock.dispatch.io_fromRename_3,1,0,0,23
4296,8592,TOP.SimTop.cpu.l_soc.core_with_l2.core.backend.inner_ctrlBlock.dispatch.io_fromRename_3,1,0,0,23
4297,8594,TOP.SimTop.cpu.l_soc.core_with_l2.core.backend.inner_ctrlBlock.dispatch.io_fromRename_3,1,0,0,23
4298,8596,TOP.SimTop.cpu.l_soc.core_with_l2.core.backend.inner_ctrlBlock.dispatch.io_fromRename_3,1,0,0,23
4299,8598,TOP.SimTop.cpu.l_soc.core_with_l2.core.backend.inner_ctrlBlock.dispatch.io_fromRename_3,1,0,0,23
4300,8600,TOP.SimTop.cpu.l_soc.core_with_l2.core.backend.inner_ctrlBlock.dispatch.io_fromRename_3,1,0,0,23
4301,8602,TOP.SimTop.cpu.l_soc.core_with_l2.core.backend.inner_ctrlBlock.dispatch.io_fromRename_3,1,0,0,23
4302,8604,TOP.SimTop.cpu.l_soc.core_with_l2.core.backend.inner_ctrlBlock.dispatch.io_fromRename_3,1,0,0,23
4303,8606,TOP.SimTop.cpu.l_soc.core_with_l2.core.backend.inner_ctrlBlock.dispatch.io_fromRename_3,1,0,0,23
4304,8608,TOP.SimTop.cpu.l_soc.core_with_l2.core.backend.inner_ctrlBlock.dispatch.io_fromRename_3,1,1,1,23
4305,8610,TOP.SimTop.cpu.l_soc.core_with_l2.core.backend.inner_ctrlBlock.dispatch.io_fromRename_3,0,1,0,23
4306,8612,TOP.SimTop.cpu.l_soc.core_with_l2.core.backend.inner_ctrlBlock.dispatch.io_fromRename_3,1,1,1,31
4307,8614,TOP.SimTop.cpu.l_soc.core_with_l2.core.backend.inner_ctrlBlock.dispatch.io_fromRename_3,1,1,1,37
4308,8616,TOP.SimTop.cpu.l_soc.core_with_l2.core.backend.inner_ctrlBlock.dispatch.io_fromRename_3,1,0,0,43
4309,8618,TOP.SimTop.cpu.l_soc.core_with_l2.core.backend.inner_ctrlBlock.dispatch.io_fromRename_3,1,0,0,43
4310,8620,TOP.SimTop.cpu.l_soc.core_with_l2.core.backend.inner_ctrlBlock.dispatch.io_fromRename_3,1,0,0,43
4311,8622,TOP.SimTop.cpu.l_soc.core_with_l2.core.backend.inner_ctrlBlock.dispatch.io_fromRename_3,1,0,0,43
4312,8624,TOP.SimTop.cpu.l_soc.core_with_l2.core.backend.inner_ctrlBlock.dispatch.io_fromRename_3,1,0,0,43
4313,8626,TOP.SimTop.cpu.l_soc.core_with_l2.core.backend.inner_ctrlBlock.dispatch.io_fromRename_3,1,0,0,43
4314,8628,TOP.SimTop.cpu.l_soc.core_with_l2.core.backend.inner_ctrlBlock.dispatch.io_fromRename_3,1,0,0,43
4315,8630,TOP.SimTop.cpu.l_soc.core_with_l2.core.backend.inner_ctrlBlock.dispatch.io_fromRename_3,1,0,0,43
4316,8632,TOP.SimTop.cpu.l_soc.core_with_l2.core.backend.inner_ctrlBlock.dispatch.io_fromRename_3,1,0,0,43
4317,8634,TOP.SimTop.cpu.l_soc.core_with_l2.core.backend.inner_ctrlBlock.dispatch.io_fromRename_3,1,0,0,43
4318,8636,TOP.SimTop.cpu.l_soc.core_with_l2.core.backend.inner_ctrlBlock.dispatch.io_fromRename_3,1,0,0,43
4319,8638,TOP.SimTop.cpu.l_soc.core_with_l2.core.backend.inner_ctrlBlock.dispatch.io_fromRename_3,1,0,0,43
4320,8640,TOP.SimTop.cpu.l_soc.core_with_l2.core.backend.inner_ctrlBlock.dispatch.io_fromRename_3,1,0,0,43
4321,8642,TOP.SimTop.cpu.l_soc.core_with_l2.core.backend.inner_ctrlBlock.dispatch.io_fromRename_3,1,0,0,43
4322,8644,TOP.SimTop.cpu.l_soc.core_with_l2.core.backend.inner_ctrlBlock.dispatch.io_fromRename_3,1,0,0,43
4323,8646,TOP.SimTop.cpu.l_soc.core_with_l2.core.backend.inner_ctrlBlock.dispatch.io_fromRename_3,1,0,0,43
4324,8648,TOP.SimTop.cpu.l_soc.core_with_l2.core.backend.inner_ctrlBlock.dispatch.io_fromRename_3,1,0,0,43
4325,8650,TOP.SimTop.cpu.l_soc.core_with_l2.core.backend.inner_ctrlBlock.dispatch.io_fromRename_3,1,0,0,43
4326,8652,TOP.SimTop.cpu.l_soc.core_with_l2.core.backend.inner_ctrlBlock.dispatch.io_fromRename_3,1,0,0,43
4327,8654,TOP.SimTop.cpu.l_soc.core_with_l2.core.backend.inner_ctrlBlock.dispatch.io_fromRename_3,1,0,0,43
4328,8656,TOP.SimTop.cpu.l_soc.core_with_l2.core.backend.inner_ctrlBlock.dispatch.io_fromRename_3,1,0,0,43
4329,8658,TOP.SimTop.cpu.l_soc.core_with_l2.core.backend.inner_ctrlBlock.dispatch.io_fromRename_3,1,0,0,43
4330,8660,TOP.SimTop.cpu.l_soc.core_with_l2.core.backend.inner_ctrlBlock.dispatch.io_fromRename_3,1,0,0,43
4331,8662,TOP.SimTop.cpu.l_soc.core_with_l2.core.backend.inner_ctrlBlock.dispatch.io_fromRename_3,1,0,0,43
4332,8664,TOP.SimTop.cpu.l_soc.core_with_l2.core.backend.inner_ctrlBlock.dispatch.io_fromRename_3,1,0,0,43
4333,8666,TOP.SimTop.cpu.l_soc.core_with_l2.core.backend.inner_ctrlBlock.dispatch.io_fromRename_3,1,0,0,43
4334,8668,TOP.SimTop.cpu.l_soc.core_with_l2.core.backend.inner_ctrlBlock.dispatch.io_fromRename_3,1,0,0,43
4335,8670,TOP.SimTop.cpu.l_soc.core_with_l2.core.backend.inner_ctrlBlock.dispatch.io_fromRename_3,1,0,0,43
4336,8672,TOP.SimTop.cpu.l_soc.core_with_l2.core.backend.inner_ctrlBlock.dispatch.io_fromRename_3,1,0,0,43
4337,8674,TOP.SimTop.cpu.l_soc.core_with_l2.core.backend.inner_ctrlBlock.dispatch.io_fromRename_3,0,0,0,43
4338,8676,TOP.SimTop.cpu.l_soc.core_with_l2.core.backend.inner_ctrlBlock.dispatch.io_fromRename_3,0,0,0,43
4339,8678,TOP.SimTop.cpu.l_soc.core_with_l2.core.backend.inner_ctrlBlock.dispatch.io_fromRename_3,0,0,0,43
4340,8680,TOP.SimTop.cpu.l_soc.core_with_l2.core.backend.inner_ctrlBlock.dispatch.io_fromRename_3,0,0,0,43
4341,8682,TOP.SimTop.cpu.l_soc.core_with_l2.core.backend.inner_ctrlBlock.dispatch.io_fromRename_3,0,1,0,43
4342,8684,TOP.SimTop.cpu.l_soc.core_with_l2.core.backend.inner_ctrlBlock.dispatch.io_fromRename_3,0,1,0,43
4343,8686,TOP.SimTop.cpu.l_soc.core_with_l2.core.backend.inner_ctrlBlock.dispatch.io_fromRename_3,0,1,0,43
4344,8688,TOP.SimTop.cpu.l_soc.core_with_l2.core.backend.inner_ctrlBlock.dispatch.io_fromRename_3,0,1,0,43
4345,8690,TOP.SimTop.cpu.l_soc.core_with_l2.core.backend.inner_ctrlBlock.dispatch.io_fromRename_3,0,1,0,43
4346,8692,TOP.SimTop.cpu.l_soc.core_with_l2.core.backend.inner_ctrlBlock.dispatch.io_fromRename_3,1,1,1,46
4347,8694,TOP.SimTop.cpu.l_soc.core_with_l2.core.backend.inner_ctrlBlock.dispatch.io_fromRename_3,0,1,0,46
4348,8696,TOP.SimTop.cpu.l_soc.core_with_l2.core.backend.inner_ctrlBlock.dispatch.io_fromRename_3,0,1,0,46
4349,8698,TOP.SimTop.cpu.l_soc.core_with_l2.core.backend.inner_ctrlBlock.dispatch.io_fromRename_3,1,1,1,53
4350,8700,TOP.SimTop.cpu.l_soc.core_with_l2.core.backend.inner_ctrlBlock.dispatch.io_fromRename_3,1,1,1,58
4351,8702,TOP.SimTop.cpu.l_soc.core_with_l2.core.backend.inner_ctrlBlock.dispatch.io_fromRename_3,0,1,0,58
4352,8704,TOP.SimTop.cpu.l_soc.core_with_l2.core.backend.inner_ctrlBlock.dispatch.io_fromRename_3,0,1,0,58
4353,8706,TOP.SimTop.cpu.l_soc.core_with_l2.core.backend.inner_ctrlBlock.dispatch.io_fromRename_3,0,1,0,58
4354,8708,TOP.SimTop.cpu.l_soc.core_with_l2.core.backend.inner_ctrlBlock.dispatch.io_fromRename_3,0,1,0,58
4355,8710,TOP.SimTop.cpu.l_soc.core_with_l2.core.backend.inner_ctrlBlock.dispatch.io_fromRename_3,0,1,0,58
4356,8712,TOP.SimTop.cpu.l_soc.core_with_l2.core.backend.inner_ctrlBlock.dispatch.io_fromRename_3,0,1,0,58
4357,8714,TOP.SimTop.cpu.l_soc.core_with_l2.core.backend.inner_ctrlBlock.dispatch.io_fromRename_3,0,0,0,58
4358,8716,TOP.SimTop.cpu.l_soc.core_with_l2.core.backend.inner_ctrlBlock.dispatch.io_fromRename_3,0,0,0,58
4359,8718,TOP.SimTop.cpu.l_soc.core_with_l2.core.backend.inner_ctrlBlock.dispatch.io_fromRename_3,0,0,0,58
4360,8720,TOP.SimTop.cpu.l_soc.core_with_l2.core.backend.inner_ctrlBlock.dispatch.io_fromRename_3,0,0,0,58
4361,8722,TOP.SimTop.cpu.l_soc.core_with_l2.core.backend.inner_ctrlBlock.dispatch.io_fromRename_3,0,1,0,58
4362,8724,TOP.SimTop.cpu.l_soc.core_with_l2.core.backend.inner_ctrlBlock.dispatch.io_fromRename_3,0,1,0,58
4363,8726,TOP.SimTop.cpu.l_soc.core_with_l2.core.backend.inner_ctrlBlock.dispatch.io_fromRename_3,0,1,0,58
4364,8728,TOP.SimTop.cpu.l_soc.core_with_l2.core.backend.inner_ctrlBlock.dispatch.io_fromRename_3,0,1,0,58
4365,8730,TOP.SimTop.cpu.l_soc.core_with_l2.core.backend.inner_ctrlBlock.dispatch.io_fromRename_3,0,1,0,58
4366,8732,TOP.SimTop.cpu.l_soc.core_with_l2.core.backend.inner_ctrlBlock.dispatch.io_fromRename_3,0,0,0,58
4367,8734,TOP.SimTop.cpu.l_soc.core_with_l2.core.backend.inner_ctrlBlock.dispatch.io_fromRename_3,0,0,0,58
4368,8736,TOP.SimTop.cpu.l_soc.core_with_l2.core.backend.inner_ctrlBlock.dispatch.io_fromRename_3,0,0,0,58
4369,8738,TOP.SimTop.cpu.l_soc.core_with_l2.core.backend.inner_ctrlBlock.dispatch.io_fromRename_3,0,1,0,58
4370,8740,TOP.SimTop.cpu.l_soc.core_with_l2.core.backend.inner_ctrlBlock.dispatch.io_fromRename_3,0,0,0,58
4371,8742,TOP.SimTop.cpu.l_soc.core_with_l2.core.backend.inner_ctrlBlock.dispatch.io_fromRename_3,0,1,0,58
4372,8744,TOP.SimTop.cpu.l_soc.core_with_l2.core.backend.inner_ctrlBlock.dispatch.io_fromRename_3,0,1,0,58
4373,8746,TOP.SimTop.cpu.l_soc.core_with_l2.core.backend.inner_ctrlBlock.dispatch.io_fromRename_3,0,1,0,58
4374,8748,TOP.SimTop.cpu.l_soc.core_with_l2.core.backend.inner_ctrlBlock.dispatch.io_fromRename_3,0,1,0,58
4375,8750,TOP.SimTop.cpu.l_soc.core_with_l2.core.backend.inner_ctrlBlock.dispatch.io_fromRename_3,0,1,0,58
4376,8752,TOP.SimTop.cpu.l_soc.core_with_l2.core.backend.inner_ctrlBlock.dispatch.io_fromRename_3,0,1,0,58
4377,8754,TOP.SimTop.cpu.l_soc.core_with_l2.core.backend.inner_ctrlBlock.dispatch.io_fromRename_3,0,1,0,58
4378,8756,TOP.SimTop.cpu.l_soc.core_with_l2.core.backend.inner_ctrlBlock.dispatch.io_fromRename_3,0,1,0,58
4379,8758,TOP.SimTop.cpu.l_soc.core_with_l2.core.backend.inner_ctrlBlock.dispatch.io_fromRename_3,0,1,0,58
4380,8760,TOP.SimTop.cpu.l_soc.core_with_l2.core.backend.inner_ctrlBlock.dispatch.io_fromRename_3,0,1,0,58
4381,8762,TOP.SimTop.cpu.l_soc.core_with_l2.core.backend.inner_ctrlBlock.dispatch.io_fromRename_3,0,1,0,58
4382,8764,TOP.SimTop.cpu.l_soc.core_with_l2.core.backend.inner_ctrlBlock.dispatch.io_fromRename_3,1,0,0,55
4383,8766,TOP.SimTop.cpu.l_soc.core_with_l2.core.backend.inner_ctrlBlock.dispatch.io_fromRename_3,1,0,0,55
4384,8768,TOP.SimTop.cpu.l_soc.core_with_l2.core.backend.inner_ctrlBlock.dispatch.io_fromRename_3,1,0,0,55
4385,8770,TOP.SimTop.cpu.l_soc.core_with_l2.core.backend.inner_ctrlBlock.dispatch.io_fromRename_3,1,0,0,55
4386,8772,TOP.SimTop.cpu.l_soc.core_with_l2.core.backend.inner_ctrlBlock.dispatch.io_fromRename_3,1,0,0,55
4387,8774,TOP.SimTop.cpu.l_soc.core_with_l2.core.backend.inner_ctrlBlock.dispatch.io_fromRename_3,1,0,0,55
4388,8776,TOP.SimTop.cpu.l_soc.core_with_l2.core.backend.inner_ctrlBlock.dispatch.io_fromRename_3,1,0,0,55
4389,8778,TOP.SimTop.cpu.l_soc.core_with_l2.core.backend.inner_ctrlBlock.dispatch.io_fromRename_3,1,0,0,55
4390,8780,TOP.SimTop.cpu.l_soc.core_with_l2.core.backend.inner_ctrlBlock.dispatch.io_fromRename_3,1,0,0,55
4391,8782,TOP.SimTop.cpu.l_soc.core_with_l2.core.backend.inner_ctrlBlock.dispatch.io_fromRename_3,1,0,0,55
4392,8784,TOP.SimTop.cpu.l_soc.core_with_l2.core.backend.inner_ctrlBlock.dispatch.io_fromRename_3,1,0,0,55
4393,8786,TOP.SimTop.cpu.l_soc.core_with_l2.core.backend.inner_ctrlBlock.dispatch.io_fromRename_3,1,0,0,55
4394,8788,TOP.SimTop.cpu.l_soc.core_with_l2.core.backend.inner_ctrlBlock.dispatch.io_fromRename_3,1,0,0,55
4395,8790,TOP.SimTop.cpu.l_soc.core_with_l2.core.backend.inner_ctrlBlock.dispatch.io_fromRename_3,1,0,0,55
4396,8792,TOP.SimTop.cpu.l_soc.core_with_l2.core.backend.inner_ctrlBlock.dispatch.io_fromRename_3,1,1,1,55
4397,8794,TOP.SimTop.cpu.l_soc.core_with_l2.core.backend.inner_ctrlBlock.dispatch.io_fromRename_3,0,1,0,55
4398,8796,TOP.SimTop.cpu.l_soc.core_with_l2.core.backend.inner_ctrlBlock.dispatch.io_fromRename_3,1,1,1,63
4399,8798,TOP.SimTop.cpu.l_soc.core_with_l2.core.backend.inner_ctrlBlock.dispatch.io_fromRename_3,1,1,1,69
4400,8800,TOP.SimTop.cpu.l_soc.core_with_l2.core.backend.inner_ctrlBlock.dispatch.io_fromRename_3,1,0,0,75
4401,8802,TOP.SimTop.cpu.l_soc.core_with_l2.core.backend.inner_ctrlBlock.dispatch.io_fromRename_3,1,0,0,75
4402,8804,TOP.SimTop.cpu.l_soc.core_with_l2.core.backend.inner_ctrlBlock.dispatch.io_fromRename_3,1,0,0,75
4403,8806,TOP.SimTop.cpu.l_soc.core_with_l2.core.backend.inner_ctrlBlock.dispatch.io_fromRename_3,1,0,0,75
4404,8808,TOP.SimTop.cpu.l_soc.core_with_l2.core.backend.inner_ctrlBlock.dispatch.io_fromRename_3,1,0,0,75
4405,8810,TOP.SimTop.cpu.l_soc.core_with_l2.core.backend.inner_ctrlBlock.dispatch.io_fromRename_3,1,0,0,75
4406,8812,TOP.SimTop.cpu.l_soc.core_with_l2.core.backend.inner_ctrlBlock.dispatch.io_fromRename_3,1,0,0,75
4407,8814,TOP.SimTop.cpu.l_soc.core_with_l2.core.backend.inner_ctrlBlock.dispatch.io_fromRename_3,1,0,0,75
4408,8816,TOP.SimTop.cpu.l_soc.core_with_l2.core.backend.inner_ctrlBlock.dispatch.io_fromRename_3,1,0,0,75
4409,8818,TOP.SimTop.cpu.l_soc.core_with_l2.core.backend.inner_ctrlBlock.dispatch.io_fromRename_3,1,0,0,75
4410,8820,TOP.SimTop.cpu.l_soc.core_with_l2.core.backend.inner_ctrlBlock.dispatch.io_fromRename_3,1,0,0,75
4411,8822,TOP.SimTop.cpu.l_soc.core_with_l2.core.backend.inner_ctrlBlock.dispatch.io_fromRename_3,1,0,0,75
4412,8824,TOP.SimTop.cpu.l_soc.core_with_l2.core.backend.inner_ctrlBlock.dispatch.io_fromRename_3,1,0,0,75
4413,8826,TOP.SimTop.cpu.l_soc.core_with_l2.core.backend.inner_ctrlBlock.dispatch.io_fromRename_3,1,0,0,75
4414,8828,TOP.SimTop.cpu.l_soc.core_with_l2.core.backend.inner_ctrlBlock.dispatch.io_fromRename_3,1,0,0,75
4415,8830,TOP.SimTop.cpu.l_soc.core_with_l2.core.backend.inner_ctrlBlock.dispatch.io_fromRename_3,1,0,0,75
4416,8832,TOP.SimTop.cpu.l_soc.core_with_l2.core.backend.inner_ctrlBlock.dispatch.io_fromRename_3,1,0,0,75
4417,8834,TOP.SimTop.cpu.l_soc.core_with_l2.core.backend.inner_ctrlBlock.dispatch.io_fromRename_3,1,0,0,75
4418,8836,TOP.SimTop.cpu.l_soc.core_with_l2.core.backend.inner_ctrlBlock.dispatch.io_fromRename_3,1,0,0,75
4419,8838,TOP.SimTop.cpu.l_soc.core_with_l2.core.backend.inner_ctrlBlock.dispatch.io_fromRename_3,1,0,0,75
4420,8840,TOP.SimTop.cpu.l_soc.core_with_l2.core.backend.inner_ctrlBlock.dispatch.io_fromRename_3,1,0,0,75
4421,8842,TOP.SimTop.cpu.l_soc.core_with_l2.core.backend.inner_ctrlBlock.dispatch.io_fromRename_3,1,0,0,75
4422,8844,TOP.SimTop.cpu.l_soc.core_with_l2.core.backend.inner_ctrlBlock.dispatch.io_fromRename_3,1,0,0,75
4423,8846,TOP.SimTop.cpu.l_soc.core_with_l2.core.backend.inner_ctrlBlock.dispatch.io_fromRename_3,1,0,0,75
4424,8848,TOP.SimTop.cpu.l_soc.core_with_l2.core.backend.inner_ctrlBlock.dispatch.io_fromRename_3,1,0,0,75
4425,8850,TOP.SimTop.cpu.l_soc.core_with_l2.core.backend.inner_ctrlBlock.dispatch.io_fromRename_3,1,0,0,75
4426,8852,TOP.SimTop.cpu.l_soc.core_with_l2.core.backend.inner_ctrlBlock.dispatch.io_fromRename_3,1,0,0,75
4427,8854,TOP.SimTop.cpu.l_soc.core_with_l2.core.backend.inner_ctrlBlock.dispatch.io_fromRename_3,1,0,0,75
4428,8856,TOP.SimTop.cpu.l_soc.core_with_l2.core.backend.inner_ctrlBlock.dispatch.io_fromRename_3,1,0,0,75
4429,8858,TOP.SimTop.cpu.l_soc.core_with_l2.core.backend.inner_ctrlBlock.dispatch.io_fromRename_3,0,0,0,75
4430,8860,TOP.SimTop.cpu.l_soc.core_with_l2.core.backend.inner_ctrlBlock.dispatch.io_fromRename_3,0,0,0,75
4431,8862,TOP.SimTop.cpu.l_soc.core_with_l2.core.backend.inner_ctrlBlock.dispatch.io_fromRename_3,0,0,0,75
4432,8864,TOP.SimTop.cpu.l_soc.core_with_l2.core.backend.inner_ctrlBlock.dispatch.io_fromRename_3,0,0,0,75
4433,8866,TOP.SimTop.cpu.l_soc.core_with_l2.core.backend.inner_ctrlBlock.dispatch.io_fromRename_3,0,1,0,75
4434,8868,TOP.SimTop.cpu.l_soc.core_with_l2.core.backend.inner_ctrlBlock.dispatch.io_fromRename_3,0,1,0,75
4435,8870,TOP.SimTop.cpu.l_soc.core_with_l2.core.backend.inner_ctrlBlock.dispatch.io_fromRename_3,0,1,0,75
4436,8872,TOP.SimTop.cpu.l_soc.core_with_l2.core.backend.inner_ctrlBlock.dispatch.io_fromRename_3,0,1,0,75
4437,8874,TOP.SimTop.cpu.l_soc.core_with_l2.core.backend.inner_ctrlBlock.dispatch.io_fromRename_3,0,1,0,75
4438,8876,TOP.SimTop.cpu.l_soc.core_with_l2.core.backend.inner_ctrlBlock.dispatch.io_fromRename_3,1,1,1,78
4439,8878,TOP.SimTop.cpu.l_soc.core_with_l2.core.backend.inner_ctrlBlock.dispatch.io_fromRename_3,0,1,0,78
4440,8880,TOP.SimTop.cpu.l_soc.core_with_l2.core.backend.inner_ctrlBlock.dispatch.io_fromRename_3,0,1,0,78
4441,8882,TOP.SimTop.cpu.l_soc.core_with_l2.core.backend.inner_ctrlBlock.dispatch.io_fromRename_3,0,1,0,78
4442,8884,TOP.SimTop.cpu.l_soc.core_with_l2.core.backend.inner_ctrlBlock.dispatch.io_fromRename_3,0,1,0,78
4443,8886,TOP.SimTop.cpu.l_soc.core_with_l2.core.backend.inner_ctrlBlock.dispatch.io_fromRename_3,0,1,0,78
4444,8888,TOP.SimTop.cpu.l_soc.core_with_l2.core.backend.inner_ctrlBlock.dispatch.io_fromRename_3,0,1,0,78
4445,8890,TOP.SimTop.cpu.l_soc.core_with_l2.core.backend.inner_ctrlBlock.dispatch.io_fromRename_3,0,1,0,78
4446,8892,TOP.SimTop.cpu.l_soc.core_with_l2.core.backend.inner_ctrlBlock.dispatch.io_fromRename_3,0,1,0,78
4447,8894,TOP.SimTop.cpu.l_soc.core_with_l2.core.backend.inner_ctrlBlock.dispatch.io_fromRename_3,0,1,0,78
4448,8896,TOP.SimTop.cpu.l_soc.core_with_l2.core.backend.inner_ctrlBlock.dispatch.io_fromRename_3,0,0,0,78
4449,8898,TOP.SimTop.cpu.l_soc.core_with_l2.core.backend.inner_ctrlBlock.dispatch.io_fromRename_3,0,0,0,78
4450,8900,TOP.SimTop.cpu.l_soc.core_with_l2.core.backend.inner_ctrlBlock.dispatch.io_fromRename_3,0,0,0,78
4451,8902,TOP.SimTop.cpu.l_soc.core_with_l2.core.backend.inner_ctrlBlock.dispatch.io_fromRename_3,0,0,0,78
4452,8904,TOP.SimTop.cpu.l_soc.core_with_l2.core.backend.inner_ctrlBlock.dispatch.io_fromRename_3,0,0,0,78
4453,8906,TOP.SimTop.cpu.l_soc.core_with_l2.core.backend.inner_ctrlBlock.dispatch.io_fromRename_3,0,0,0,78
4454,8908,TOP.SimTop.cpu.l_soc.core_with_l2.core.backend.inner_ctrlBlock.dispatch.io_fromRename_3,0,0,0,78
4455,8910,TOP.SimTop.cpu.l_soc.core_with_l2.core.backend.inner_ctrlBlock.dispatch.io_fromRename_3,0,1,0,78
4456,8912,TOP.SimTop.cpu.l_soc.core_with_l2.core.backend.inner_ctrlBlock.dispatch.io_fromRename_3,0,0,0,78
4245,8490,TOP.SimTop.cpu.l_soc.core_with_l2.core.backend.inner_ctrlBlock.dispatch.io_fromRename_2,0,0,0,5
4246,8492,TOP.SimTop.cpu.l_soc.core_with_l2.core.backend.inner_ctrlBlock.dispatch.io_fromRename_2,0,0,0,5
4247,8494,TOP.SimTop.cpu.l_soc.core_with_l2.core.backend.inner_ctrlBlock.dispatch.io_fromRename_2,0,0,0,5
4248,8496,TOP.SimTop.cpu.l_soc.core_with_l2.core.backend.inner_ctrlBlock.dispatch.io_fromRename_2,0,0,0,5
4249,8498,TOP.SimTop.cpu.l_soc.core_with_l2.core.backend.inner_ctrlBlock.dispatch.io_fromRename_2,0,0,0,5
4250,8500,TOP.SimTop.cpu.l_soc.core_with_l2.core.backend.inner_ctrlBlock.dispatch.io_fromRename_2,0,1,0,5
4251,8502,TOP.SimTop.cpu.l_soc.core_with_l2.core.backend.inner_ctrlBlock.dispatch.io_fromRename_2,1,1,1,13
4252,8504,TOP.SimTop.cpu.l_soc.core_with_l2.core.backend.inner_ctrlBlock.dispatch.io_fromRename_2,1,1,1,19
4253,8506,TOP.SimTop.cpu.l_soc.core_with_l2.core.backend.inner_ctrlBlock.dispatch.io_fromRename_2,0,1,0,19
4254,8508,TOP.SimTop.cpu.l_soc.core_with_l2.core.backend.inner_ctrlBlock.dispatch.io_fromRename_2,0,1,0,19
4255,8510,TOP.SimTop.cpu.l_soc.core_with_l2.core.backend.inner_ctrlBlock.dispatch.io_fromRename_2,0,1,0,19
4256,8512,TOP.SimTop.cpu.l_soc.core_with_l2.core.backend.inner_ctrlBlock.dispatch.io_fromRename_2,0,1,0,19
4257,8514,TOP.SimTop.cpu.l_soc.core_with_l2.core.backend.inner_ctrlBlock.dispatch.io_fromRename_2,0,1,0,19
4258,8516,TOP.SimTop.cpu.l_soc.core_with_l2.core.backend.inner_ctrlBlock.dispatch.io_fromRename_2,0,1,0,19
4259,8518,TOP.SimTop.cpu.l_soc.core_with_l2.core.backend.inner_ctrlBlock.dispatch.io_fromRename_2,0,1,0,19
4260,8520,TOP.SimTop.cpu.l_soc.core_with_l2.core.backend.inner_ctrlBlock.dispatch.io_fromRename_2,0,1,0,19
4261,8522,TOP.SimTop.cpu.l_soc.core_with_l2.core.backend.inner_ctrlBlock.dispatch.io_fromRename_2,0,1,0,19
4262,8524,TOP.SimTop.cpu.l_soc.core_with_l2.core.backend.inner_ctrlBlock.dispatch.io_fromRename_2,0,1,0,19
4263,8526,TOP.SimTop.cpu.l_soc.core_with_l2.core.backend.inner_ctrlBlock.dispatch.io_fromRename_2,0,1,0,19
4264,8528,TOP.SimTop.cpu.l_soc.core_with_l2.core.backend.inner_ctrlBlock.dispatch.io_fromRename_2,0,1,0,19
4265,8530,TOP.SimTop.cpu.l_soc.core_with_l2.core.backend.inner_ctrlBlock.dispatch.io_fromRename_2,0,0,0,19
4266,8532,TOP.SimTop.cpu.l_soc.core_with_l2.core.backend.inner_ctrlBlock.dispatch.io_fromRename_2,0,0,0,19
4267,8534,TOP.SimTop.cpu.l_soc.core_with_l2.core.backend.inner_ctrlBlock.dispatch.io_fromRename_2,0,0,0,19
4268,8536,TOP.SimTop.cpu.l_soc.core_with_l2.core.backend.inner_ctrlBlock.dispatch.io_fromRename_2,0,0,0,19
4269,8538,TOP.SimTop.cpu.l_soc.core_with_l2.core.backend.inner_ctrlBlock.dispatch.io_fromRename_2,0,0,0,19
4270,8540,TOP.SimTop.cpu.l_soc.core_with_l2.core.backend.inner_ctrlBlock.dispatch.io_fromRename_2,0,0,0,19
4271,8542,TOP.SimTop.cpu.l_soc.core_with_l2.core.backend.inner_ctrlBlock.dispatch.io_fromRename_2,0,0,0,19
4272,8544,TOP.SimTop.cpu.l_soc.core_with_l2.core.backend.inner_ctrlBlock.dispatch.io_fromRename_2,0,0,0,19
4273,8546,TOP.SimTop.cpu.l_soc.core_with_l2.core.backend.inner_ctrlBlock.dispatch.io_fromRename_2,0,0,0,19
4274,8548,TOP.SimTop.cpu.l_soc.core_with_l2.core.backend.inner_ctrlBlock.dispatch.io_fromRename_2,0,0,0,19
4275,8550,TOP.SimTop.cpu.l_soc.core_with_l2.core.backend.inner_ctrlBlock.dispatch.io_fromRename_2,0,0,0,19
4276,8552,TOP.SimTop.cpu.l_soc.core_with_l2.core.backend.inner_ctrlBlock.dispatch.io_fromRename_2,0,0,0,19
4277,8554,TOP.SimTop.cpu.l_soc.core_with_l2.core.backend.inner_ctrlBlock.dispatch.io_fromRename_2,0,1,0,19
4278,8556,TOP.SimTop.cpu.l_soc.core_with_l2.core.backend.inner_ctrlBlock.dispatch.io_fromRename_2,0,0,0,19
4279,8558,TOP.SimTop.cpu.l_soc.core_with_l2.core.backend.inner_ctrlBlock.dispatch.io_fromRename_2,0,1,0,19
4280,8560,TOP.SimTop.cpu.l_soc.core_with_l2.core.backend.inner_ctrlBlock.dispatch.io_fromRename_2,0,1,0,19
4281,8562,TOP.SimTop.cpu.l_soc.core_with_l2.core.backend.inner_ctrlBlock.dispatch.io_fromRename_2,0,1,0,19
4282,8564,TOP.SimTop.cpu.l_soc.core_with_l2.core.backend.inner_ctrlBlock.dispatch.io_fromRename_2,0,1,0,19
4283,8566,TOP.SimTop.cpu.l_soc.core_with_l2.core.backend.inner_ctrlBlock.dispatch.io_fromRename_2,0,1,0,19
4284,8568,TOP.SimTop.cpu.l_soc.core_with_l2.core.backend.inner_ctrlBlock.dispatch.io_fromRename_2,0,1,0,19
4285,8570,TOP.SimTop.cpu.l_soc.core_with_l2.core.backend.inner_ctrlBlock.dispatch.io_fromRename_2,0,1,0,19
4286,8572,TOP.SimTop.cpu.l_soc.core_with_l2.core.backend.inner_ctrlBlock.dispatch.io_fromRename_2,0,1,0,19
4287,8574,TOP.SimTop.cpu.l_soc.core_with_l2.core.backend.inner_ctrlBlock.dispatch.io_fromRename_2,0,1,0,19
4288,8576,TOP.SimTop.cpu.l_soc.core_with_l2.core.backend.inner_ctrlBlock.dispatch.io_fromRename_2,0,1,0,19
4289,8578,TOP.SimTop.cpu.l_soc.core_with_l2.core.backend.inner_ctrlBlock.dispatch.io_fromRename_2,0,1,0,19
4290,8580,TOP.SimTop.cpu.l_soc.core_with_l2.core.backend.inner_ctrlBlock.dispatch.io_fromRename_2,1,0,0,22
4291,8582,TOP.SimTop.cpu.l_soc.core_with_l2.core.backend.inner_ctrlBlock.dispatch.io_fromRename_2,1,1,1,22
4292,8584,TOP.SimTop.cpu.l_soc.core_with_l2.core.backend.inner_ctrlBlock.dispatch.io_fromRename_2,0,1,0,22
4293,8586,TOP.SimTop.cpu.l_soc.core_with_l2.core.backend.inner_ctrlBlock.dispatch.io_fromRename_2,0,1,0,22
4294,8588,TOP.SimTop.cpu.l_soc.core_with_l2.core.backend.inner_ctrlBlock.dispatch.io_fromRename_2,0,1,0,22
4295,8590,TOP.SimTop.cpu.l_soc.core_with_l2.core.backend.inner_ctrlBlock.dispatch.io_fromRename_2,0,1,0,22
4296,8592,TOP.SimTop.cpu.l_soc.core_with_l2.core.backend.inner_ctrlBlock.dispatch.io_fromRename_2,0,1,0,22
4297,8594,TOP.SimTop.cpu.l_soc.core_with_l2.core.backend.inner_ctrlBlock.dispatch.io_fromRename_2,0,1,0,22
4298,8596,TOP.SimTop.cpu.l_soc.core_with_l2.core.backend.inner_ctrlBlock.dispatch.io_fromRename_2,0,1,0,22
4299,8598,TOP.SimTop.cpu.l_soc.core_with_l2.core.backend.inner_ctrlBlock.dispatch.io_fromRename_2,0,1,0,22
4300,8600,TOP.SimTop.cpu.l_soc.core_with_l2.core.backend.inner_ctrlBlock.dispatch.io_fromRename_2,0,1,0,22
4301,8602,TOP.SimTop.cpu.l_soc.core_with_l2.core.backend.inner_ctrlBlock.dispatch.io_fromRename_2,0,1,0,22
4302,8604,TOP.SimTop.cpu.l_soc.core_with_l2.core.backend.inner_ctrlBlock.dispatch.io_fromRename_2,0,1,0,22
4303,8606,TOP.SimTop.cpu.l_soc.core_with_l2.core.backend.inner_ctrlBlock.dispatch.io_fromRename_2,0,1,0,22
4304,8608,TOP.SimTop.cpu.l_soc.core_with_l2.core.backend.inner_ctrlBlock.dispatch.io_fromRename_2,0,1,0,22
4305,8610,TOP.SimTop.cpu.l_soc.core_with_l2.core.backend.inner_ctrlBlock.dispatch.io_fromRename_2,0,1,0,22
4306,8612,TOP.SimTop.cpu.l_soc.core_with_l2.core.backend.inner_ctrlBlock.dispatch.io_fromRename_2,1,1,1,30
4307,8614,TOP.SimTop.cpu.l_soc.core_with_l2.core.backend.inner_ctrlBlock.dispatch.io_fromRename_2,1,1,1,36
4308,8616,TOP.SimTop.cpu.l_soc.core_with_l2.core.backend.inner_ctrlBlock.dispatch.io_fromRename_2,1,0,0,42
4309,8618,TOP.SimTop.cpu.l_soc.core_with_l2.core.backend.inner_ctrlBlock.dispatch.io_fromRename_2,1,0,0,42
4310,8620,TOP.SimTop.cpu.l_soc.core_with_l2.core.backend.inner_ctrlBlock.dispatch.io_fromRename_2,1,0,0,42
4311,8622,TOP.SimTop.cpu.l_soc.core_with_l2.core.backend.inner_ctrlBlock.dispatch.io_fromRename_2,1,0,0,42
4312,8624,TOP.SimTop.cpu.l_soc.core_with_l2.core.backend.inner_ctrlBlock.dispatch.io_fromRename_2,1,0,0,42
4313,8626,TOP.SimTop.cpu.l_soc.core_with_l2.core.backend.inner_ctrlBlock.dispatch.io_fromRename_2,1,0,0,42
4314,8628,TOP.SimTop.cpu.l_soc.core_with_l2.core.backend.inner_ctrlBlock.dispatch.io_fromRename_2,1,0,0,42
4315,8630,TOP.SimTop.cpu.l_soc.core_with_l2.core.backend.inner_ctrlBlock.dispatch.io_fromRename_2,1,0,0,42
4316,8632,TOP.SimTop.cpu.l_soc.core_with_l2.core.backend.inner_ctrlBlock.dispatch.io_fromRename_2,1,0,0,42
4317,8634,TOP.SimTop.cpu.l_soc.core_with_l2.core.backend.inner_ctrlBlock.dispatch.io_fromRename_2,1,0,0,42
4318,8636,TOP.SimTop.cpu.l_soc.core_with_l2.core.backend.inner_ctrlBlock.dispatch.io_fromRename_2,1,0,0,42
4319,8638,TOP.SimTop.cpu.l_soc.core_with_l2.core.backend.inner_ctrlBlock.dispatch.io_fromRename_2,1,0,0,42
4320,8640,TOP.SimTop.cpu.l_soc.core_with_l2.core.backend.inner_ctrlBlock.dispatch.io_fromRename_2,1,0,0,42
4321,8642,TOP.SimTop.cpu.l_soc.core_with_l2.core.backend.inner_ctrlBlock.dispatch.io_fromRename_2,1,0,0,42
4322,8644,TOP.SimTop.cpu.l_soc.core_with_l2.core.backend.inner_ctrlBlock.dispatch.io_fromRename_2,1,0,0,42
4323,8646,TOP.SimTop.cpu.l_soc.core_with_l2.core.backend.inner_ctrlBlock.dispatch.io_fromRename_2,1,0,0,42
4324,8648,TOP.SimTop.cpu.l_soc.core_with_l2.core.backend.inner_ctrlBlock.dispatch.io_fromRename_2,1,0,0,42
4325,8650,TOP.SimTop.cpu.l_soc.core_with_l2.core.backend.inner_ctrlBlock.dispatch.io_fromRename_2,1,0,0,42
4326,8652,TOP.SimTop.cpu.l_soc.core_with_l2.core.backend.inner_ctrlBlock.dispatch.io_fromRename_2,1,0,0,42
4327,8654,TOP.SimTop.cpu.l_soc.core_with_l2.core.backend.inner_ctrlBlock.dispatch.io_fromRename_2,1,0,0,42
4328,8656,TOP.SimTop.cpu.l_soc.core_with_l2.core.backend.inner_ctrlBlock.dispatch.io_fromRename_2,1,0,0,42
4329,8658,TOP.SimTop.cpu.l_soc.core_with_l2.core.backend.inner_ctrlBlock.dispatch.io_fromRename_2,1,1,1,42
4330,8660,TOP.SimTop.cpu.l_soc.core_with_l2.core.backend.inner_ctrlBlock.dispatch.io_fromRename_2,0,0,0,42
4331,8662,TOP.SimTop.cpu.l_soc.core_with_l2.core.backend.inner_ctrlBlock.dispatch.io_fromRename_2,0,0,0,42
4332,8664,TOP.SimTop.cpu.l_soc.core_with_l2.core.backend.inner_ctrlBlock.dispatch.io_fromRename_2,0,0,0,42
4333,8666,TOP.SimTop.cpu.l_soc.core_with_l2.core.backend.inner_ctrlBlock.dispatch.io_fromRename_2,0,0,0,42
4334,8668,TOP.SimTop.cpu.l_soc.core_with_l2.core.backend.inner_ctrlBlock.dispatch.io_fromRename_2,0,0,0,42
4335,8670,TOP.SimTop.cpu.l_soc.core_with_l2.core.backend.inner_ctrlBlock.dispatch.io_fromRename_2,0,0,0,42
4336,8672,TOP.SimTop.cpu.l_soc.core_with_l2.core.backend.inner_ctrlBlock.dispatch.io_fromRename_2,0,0,0,42
4337,8674,TOP.SimTop.cpu.l_soc.core_with_l2.core.backend.inner_ctrlBlock.dispatch.io_fromRename_2,0,0,0,42
4338,8676,TOP.SimTop.cpu.l_soc.core_with_l2.core.backend.inner_ctrlBlock.dispatch.io_fromRename_2,0,0,0,42
4339,8678,TOP.SimTop.cpu.l_soc.core_with_l2.core.backend.inner_ctrlBlock.dispatch.io_fromRename_2,0,0,0,42
4340,8680,TOP.SimTop.cpu.l_soc.core_with_l2.core.backend.inner_ctrlBlock.dispatch.io_fromRename_2,0,0,0,42
4341,8682,TOP.SimTop.cpu.l_soc.core_with_l2.core.backend.inner_ctrlBlock.dispatch.io_fromRename_2,0,1,0,42
4342,8684,TOP.SimTop.cpu.l_soc.core_with_l2.core.backend.inner_ctrlBlock.dispatch.io_fromRename_2,0,1,0,42
4343,8686,TOP.SimTop.cpu.l_soc.core_with_l2.core.backend.inner_ctrlBlock.dispatch.io_fromRename_2,0,1,0,42
4344,8688,TOP.SimTop.cpu.l_soc.core_with_l2.core.backend.inner_ctrlBlock.dispatch.io_fromRename_2,0,1,0,42
4345,8690,TOP.SimTop.cpu.l_soc.core_with_l2.core.backend.inner_ctrlBlock.dispatch.io_fromRename_2,0,1,0,42
4346,8692,TOP.SimTop.cpu.l_soc.core_with_l2.core.backend.inner_ctrlBlock.dispatch.io_fromRename_2,1,1,1,45
4347,8694,TOP.SimTop.cpu.l_soc.core_with_l2.core.backend.inner_ctrlBlock.dispatch.io_fromRename_2,0,1,0,45
4348,8696,TOP.SimTop.cpu.l_soc.core_with_l2.core.backend.inner_ctrlBlock.dispatch.io_fromRename_2,0,1,0,45
4349,8698,TOP.SimTop.cpu.l_soc.core_with_l2.core.backend.inner_ctrlBlock.dispatch.io_fromRename_2,1,1,1,52
4350,8700,TOP.SimTop.cpu.l_soc.core_with_l2.core.backend.inner_ctrlBlock.dispatch.io_fromRename_2,1,1,1,57
4351,8702,TOP.SimTop.cpu.l_soc.core_with_l2.core.backend.inner_ctrlBlock.dispatch.io_fromRename_2,0,1,0,57
4352,8704,TOP.SimTop.cpu.l_soc.core_with_l2.core.backend.inner_ctrlBlock.dispatch.io_fromRename_2,0,1,0,57
4353,8706,TOP.SimTop.cpu.l_soc.core_with_l2.core.backend.inner_ctrlBlock.dispatch.io_fromRename_2,0,1,0,57
4354,8708,TOP.SimTop.cpu.l_soc.core_with_l2.core.backend.inner_ctrlBlock.dispatch.io_fromRename_2,0,1,0,57
4355,8710,TOP.SimTop.cpu.l_soc.core_with_l2.core.backend.inner_ctrlBlock.dispatch.io_fromRename_2,0,1,0,57
4356,8712,TOP.SimTop.cpu.l_soc.core_with_l2.core.backend.inner_ctrlBlock.dispatch.io_fromRename_2,0,1,0,57
4357,8714,TOP.SimTop.cpu.l_soc.core_with_l2.core.backend.inner_ctrlBlock.dispatch.io_fromRename_2,0,0,0,57
4358,8716,TOP.SimTop.cpu.l_soc.core_with_l2.core.backend.inner_ctrlBlock.dispatch.io_fromRename_2,0,0,0,57
4359,8718,TOP.SimTop.cpu.l_soc.core_with_l2.core.backend.inner_ctrlBlock.dispatch.io_fromRename_2,0,0,0,57
4360,8720,TOP.SimTop.cpu.l_soc.core_with_l2.core.backend.inner_ctrlBlock.dispatch.io_fromRename_2,0,0,0,57
4361,8722,TOP.SimTop.cpu.l_soc.core_with_l2.core.backend.inner_ctrlBlock.dispatch.io_fromRename_2,0,1,0,57
4362,8724,TOP.SimTop.cpu.l_soc.core_with_l2.core.backend.inner_ctrlBlock.dispatch.io_fromRename_2,0,1,0,57
4363,8726,TOP.SimTop.cpu.l_soc.core_with_l2.core.backend.inner_ctrlBlock.dispatch.io_fromRename_2,0,1,0,57
4364,8728,TOP.SimTop.cpu.l_soc.core_with_l2.core.backend.inner_ctrlBlock.dispatch.io_fromRename_2,0,1,0,57
4365,8730,TOP.SimTop.cpu.l_soc.core_with_l2.core.backend.inner_ctrlBlock.dispatch.io_fromRename_2,0,1,0,57
4366,8732,TOP.SimTop.cpu.l_soc.core_with_l2.core.backend.inner_ctrlBlock.dispatch.io_fromRename_2,1,0,0,57
4367,8734,TOP.SimTop.cpu.l_soc.core_with_l2.core.backend.inner_ctrlBlock.dispatch.io_fromRename_2,0,0,0,57
4368,8736,TOP.SimTop.cpu.l_soc.core_with_l2.core.backend.inner_ctrlBlock.dispatch.io_fromRename_2,0,0,0,57
4369,8738,TOP.SimTop.cpu.l_soc.core_with_l2.core.backend.inner_ctrlBlock.dispatch.io_fromRename_2,0,1,0,57
4370,8740,TOP.SimTop.cpu.l_soc.core_with_l2.core.backend.inner_ctrlBlock.dispatch.io_fromRename_2,0,0,0,57
4371,8742,TOP.SimTop.cpu.l_soc.core_with_l2.core.backend.inner_ctrlBlock.dispatch.io_fromRename_2,0,1,0,57
4372,8744,TOP.SimTop.cpu.l_soc.core_with_l2.core.backend.inner_ctrlBlock.dispatch.io_fromRename_2,0,1,0,57
4373,8746,TOP.SimTop.cpu.l_soc.core_with_l2.core.backend.inner_ctrlBlock.dispatch.io_fromRename_2,0,1,0,57
4374,8748,TOP.SimTop.cpu.l_soc.core_with_l2.core.backend.inner_ctrlBlock.dispatch.io_fromRename_2,0,1,0,57
4375,8750,TOP.SimTop.cpu.l_soc.core_with_l2.core.backend.inner_ctrlBlock.dispatch.io_fromRename_2,0,1,0,57
4376,8752,TOP.SimTop.cpu.l_soc.core_with_l2.core.backend.inner_ctrlBlock.dispatch.io_fromRename_2,0,1,0,57
4377,8754,TOP.SimTop.cpu.l_soc.core_with_l2.core.backend.inner_ctrlBlock.dispatch.io_fromRename_2,0,1,0,57
4378,8756,TOP.SimTop.cpu.l_soc.core_with_l2.core.backend.inner_ctrlBlock.dispatch.io_fromRename_2,0,1,0,57
4379,8758,TOP.SimTop.cpu.l_soc.core_with_l2.core.backend.inner_ctrlBlock.dispatch.io_fromRename_2,0,1,0,57
4380,8760,TOP.SimTop.cpu.l_soc.core_with_l2.core.backend.inner_ctrlBlock.dispatch.io_fromRename_2,0,1,0,57
4381,8762,TOP.SimTop.cpu.l_soc.core_with_l2.core.backend.inner_ctrlBlock.dispatch.io_fromRename_2,0,1,0,57
4382,8764,TOP.SimTop.cpu.l_soc.core_with_l2.core.backend.inner_ctrlBlock.dispatch.io_fromRename_2,1,0,0,54
4383,8766,TOP.SimTop.cpu.l_soc.core_with_l2.core.backend.inner_ctrlBlock.dispatch.io_fromRename_2,1,1,1,54
4384,8768,TOP.SimTop.cpu.l_soc.core_with_l2.core.backend.inner_ctrlBlock.dispatch.io_fromRename_2,0,1,0,54
4385,8770,TOP.SimTop.cpu.l_soc.core_with_l2.core.backend.inner_ctrlBlock.dispatch.io_fromRename_2,0,1,0,54
4386,8772,TOP.SimTop.cpu.l_soc.core_with_l2.core.backend.inner_ctrlBlock.dispatch.io_fromRename_2,0,1,0,54
4387,8774,TOP.SimTop.cpu.l_soc.core_with_l2.core.backend.inner_ctrlBlock.dispatch.io_fromRename_2,0,1,0,54
4388,8776,TOP.SimTop.cpu.l_soc.core_with_l2.core.backend.inner_ctrlBlock.dispatch.io_fromRename_2,0,1,0,54
4389,8778,TOP.SimTop.cpu.l_soc.core_with_l2.core.backend.inner_ctrlBlock.dispatch.io_fromRename_2,0,1,0,54
4390,8780,TOP.SimTop.cpu.l_soc.core_with_l2.core.backend.inner_ctrlBlock.dispatch.io_fromRename_2,0,1,0,54
4391,8782,TOP.SimTop.cpu.l_soc.core_with_l2.core.backend.inner_ctrlBlock.dispatch.io_fromRename_2,0,1,0,54
4392,8784,TOP.SimTop.cpu.l_soc.core_with_l2.core.backend.inner_ctrlBlock.dispatch.io_fromRename_2,0,1,0,54
4393,8786,TOP.SimTop.cpu.l_soc.core_with_l2.core.backend.inner_ctrlBlock.dispatch.io_fromRename_2,0,1,0,54
4394,8788,TOP.SimTop.cpu.l_soc.core_with_l2.core.backend.inner_ctrlBlock.dispatch.io_fromRename_2,0,1,0,54
4395,8790,TOP.SimTop.cpu.l_soc.core_with_l2.core.backend.inner_ctrlBlock.dispatch.io_fromRename_2,0,1,0,54
4396,8792,TOP.SimTop.cpu.l_soc.core_with_l2.core.backend.inner_ctrlBlock.dispatch.io_fromRename_2,0,1,0,54
4397,8794,TOP.SimTop.cpu.l_soc.core_with_l2.core.backend.inner_ctrlBlock.dispatch.io_fromRename_2,0,1,0,54
4398,8796,TOP.SimTop.cpu.l_soc.core_with_l2.core.backend.inner_ctrlBlock.dispatch.io_fromRename_2,1,1,1,62
4399,8798,TOP.SimTop.cpu.l_soc.core_with_l2.core.backend.inner_ctrlBlock.dispatch.io_fromRename_2,1,1,1,68
4400,8800,TOP.SimTop.cpu.l_soc.core_with_l2.core.backend.inner_ctrlBlock.dispatch.io_fromRename_2,1,0,0,74
4401,8802,TOP.SimTop.cpu.l_soc.core_with_l2.core.backend.inner_ctrlBlock.dispatch.io_fromRename_2,1,0,0,74
4402,8804,TOP.SimTop.cpu.l_soc.core_with_l2.core.backend.inner_ctrlBlock.dispatch.io_fromRename_2,1,0,0,74
4403,8806,TOP.SimTop.cpu.l_soc.core_with_l2.core.backend.inner_ctrlBlock.dispatch.io_fromRename_2,1,0,0,74
4404,8808,TOP.SimTop.cpu.l_soc.core_with_l2.core.backend.inner_ctrlBlock.dispatch.io_fromRename_2,1,0,0,74
4405,8810,TOP.SimTop.cpu.l_soc.core_with_l2.core.backend.inner_ctrlBlock.dispatch.io_fromRename_2,1,0,0,74
4406,8812,TOP.SimTop.cpu.l_soc.core_with_l2.core.backend.inner_ctrlBlock.dispatch.io_fromRename_2,1,0,0,74
4407,8814,TOP.SimTop.cpu.l_soc.core_with_l2.core.backend.inner_ctrlBlock.dispatch.io_fromRename_2,1,0,0,74
4408,8816,TOP.SimTop.cpu.l_soc.core_with_l2.core.backend.inner_ctrlBlock.dispatch.io_fromRename_2,1,0,0,74
4409,8818,TOP.SimTop.cpu.l_soc.core_with_l2.core.backend.inner_ctrlBlock.dispatch.io_fromRename_2,1,0,0,74
4410,8820,TOP.SimTop.cpu.l_soc.core_with_l2.core.backend.inner_ctrlBlock.dispatch.io_fromRename_2,1,0,0,74
4411,8822,TOP.SimTop.cpu.l_soc.core_with_l2.core.backend.inner_ctrlBlock.dispatch.io_fromRename_2,1,0,0,74
4412,8824,TOP.SimTop.cpu.l_soc.core_with_l2.core.backend.inner_ctrlBlock.dispatch.io_fromRename_2,1,0,0,74
4413,8826,TOP.SimTop.cpu.l_soc.core_with_l2.core.backend.inner_ctrlBlock.dispatch.io_fromRename_2,1,0,0,74
4414,8828,TOP.SimTop.cpu.l_soc.core_with_l2.core.backend.inner_ctrlBlock.dispatch.io_fromRename_2,1,0,0,74
4415,8830,TOP.SimTop.cpu.l_soc.core_with_l2.core.backend.inner_ctrlBlock.dispatch.io_fromRename_2,1,0,0,74
4416,8832,TOP.SimTop.cpu.l_soc.core_with_l2.core.backend.inner_ctrlBlock.dispatch.io_fromRename_2,1,0,0,74
4417,8834,TOP.SimTop.cpu.l_soc.core_with_l2.core.backend.inner_ctrlBlock.dispatch.io_fromRename_2,1,0,0,74
4418,8836,TOP.SimTop.cpu.l_soc.core_with_l2.core.backend.inner_ctrlBlock.dispatch.io_fromRename_2,1,0,0,74
4419,8838,TOP.SimTop.cpu.l_soc.core_with_l2.core.backend.inner_ctrlBlock.dispatch.io_fromRename_2,1,0,0,74
4420,8840,TOP.SimTop.cpu.l_soc.core_with_l2.core.backend.inner_ctrlBlock.dispatch.io_fromRename_2,1,0,0,74
4421,8842,TOP.SimTop.cpu.l_soc.core_with_l2.core.backend.inner_ctrlBlock.dispatch.io_fromRename_2,1,1,1,74
4422,8844,TOP.SimTop.cpu.l_soc.core_with_l2.core.backend.inner_ctrlBlock.dispatch.io_fromRename_2,0,0,0,74
4423,8846,TOP.SimTop.cpu.l_soc.core_with_l2.core.backend.inner_ctrlBlock.dispatch.io_fromRename_2,0,0,0,74
4424,8848,TOP.SimTop.cpu.l_soc.core_with_l2.core.backend.inner_ctrlBlock.dispatch.io_fromRename_2,0,0,0,74
4425,8850,TOP.SimTop.cpu.l_soc.core_with_l2.core.backend.inner_ctrlBlock.dispatch.io_fromRename_2,0,0,0,74
4426,8852,TOP.SimTop.cpu.l_soc.core_with_l2.core.backend.inner_ctrlBlock.dispatch.io_fromRename_2,0,0,0,74
4427,8854,TOP.SimTop.cpu.l_soc.core_with_l2.core.backend.inner_ctrlBlock.dispatch.io_fromRename_2,0,0,0,74
4428,8856,TOP.SimTop.cpu.l_soc.core_with_l2.core.backend.inner_ctrlBlock.dispatch.io_fromRename_2,0,0,0,74
4429,8858,TOP.SimTop.cpu.l_soc.core_with_l2.core.backend.inner_ctrlBlock.dispatch.io_fromRename_2,0,0,0,74
4430,8860,TOP.SimTop.cpu.l_soc.core_with_l2.core.backend.inner_ctrlBlock.dispatch.io_fromRename_2,0,0,0,74
4431,8862,TOP.SimTop.cpu.l_soc.core_with_l2.core.backend.inner_ctrlBlock.dispatch.io_fromRename_2,0,0,0,74
4432,8864,TOP.SimTop.cpu.l_soc.core_with_l2.core.backend.inner_ctrlBlock.dispatch.io_fromRename_2,0,0,0,74
4433,8866,TOP.SimTop.cpu.l_soc.core_with_l2.core.backend.inner_ctrlBlock.dispatch.io_fromRename_2,0,1,0,74
4434,8868,TOP.SimTop.cpu.l_soc.core_with_l2.core.backend.inner_ctrlBlock.dispatch.io_fromRename_2,0,1,0,74
4435,8870,TOP.SimTop.cpu.l_soc.core_with_l2.core.backend.inner_ctrlBlock.dispatch.io_fromRename_2,0,1,0,74
4436,8872,TOP.SimTop.cpu.l_soc.core_with_l2.core.backend.inner_ctrlBlock.dispatch.io_fromRename_2,0,1,0,74
4437,8874,TOP.SimTop.cpu.l_soc.core_with_l2.core.backend.inner_ctrlBlock.dispatch.io_fromRename_2,0,1,0,74
4438,8876,TOP.SimTop.cpu.l_soc.core_with_l2.core.backend.inner_ctrlBlock.dispatch.io_fromRename_2,1,1,1,77
4439,8878,TOP.SimTop.cpu.l_soc.core_with_l2.core.backend.inner_ctrlBlock.dispatch.io_fromRename_2,0,1,0,77
4440,8880,TOP.SimTop.cpu.l_soc.core_with_l2.core.backend.inner_ctrlBlock.dispatch.io_fromRename_2,0,1,0,77
4441,8882,TOP.SimTop.cpu.l_soc.core_with_l2.core.backend.inner_ctrlBlock.dispatch.io_fromRename_2,0,1,0,77
4442,8884,TOP.SimTop.cpu.l_soc.core_with_l2.core.backend.inner_ctrlBlock.dispatch.io_fromRename_2,0,1,0,77
4443,8886,TOP.SimTop.cpu.l_soc.core_with_l2.core.backend.inner_ctrlBlock.dispatch.io_fromRename_2,0,1,0,77
4444,8888,TOP.SimTop.cpu.l_soc.core_with_l2.core.backend.inner_ctrlBlock.dispatch.io_fromRename_2,0,1,0,77
4445,8890,TOP.SimTop.cpu.l_soc.core_with_l2.core.backend.inner_ctrlBlock.dispatch.io_fromRename_2,0,1,0,77
4446,8892,TOP.SimTop.cpu.l_soc.core_with_l2.core.backend.inner_ctrlBlock.dispatch.io_fromRename_2,0,1,0,77
4447,8894,TOP.SimTop.cpu.l_soc.core_with_l2.core.backend.inner_ctrlBlock.dispatch.io_fromRename_2,0,1,0,77
4448,8896,TOP.SimTop.cpu.l_soc.core_with_l2.core.backend.inner_ctrlBlock.dispatch.io_fromRename_2,0,0,0,77
4449,8898,TOP.SimTop.cpu.l_soc.core_with_l2.core.backend.inner_ctrlBlock.dispatch.io_fromRename_2,0,0,0,77
4450,8900,TOP.SimTop.cpu.l_soc.core_with_l2.core.backend.inner_ctrlBlock.dispatch.io_fromRename_2,0,0,0,77
4451,8902,TOP.SimTop.cpu.l_soc.core_with_l2.core.backend.inner_ctrlBlock.dispatch.io_fromRename_2,0,0,0,77
4452,8904,TOP.SimTop.cpu.l_soc.core_with_l2.core.backend.inner_ctrlBlock.dispatch.io_fromRename_2,0,0,0,77
4453,8906,TOP.SimTop.cpu.l_soc.core_with_l2.core.backend.inner_ctrlBlock.dispatch.io_fromRename_2,0,0,0,77
4454,8908,TOP.SimTop.cpu.l_soc.core_with_l2.core.backend.inner_ctrlBlock.dispatch.io_fromRename_2,0,0,0,77
4455,8910,TOP.SimTop.cpu.l_soc.core_with_l2.core.backend.inner_ctrlBlock.dispatch.io_fromRename_2,0,1,0,77
4456,8912,TOP.SimTop.cpu.l_soc.core_with_l2.core.backend.inner_ctrlBlock.dispatch.io_fromRename_2,1,0,0,84
4245,8490,TOP.SimTop.cpu.l_soc.core_with_l2.core.backend.inner_intScheduler.IssueQueueAluCsrFenceDiv.io_deqDelay_1,0,1,0,0
4246,8492,TOP.SimTop.cpu.l_soc.core_with_l2.core.backend.inner_intScheduler.IssueQueueAluCsrFenceDiv.io_deqDelay_1,0,1,0,0
4247,8494,TOP.SimTop.cpu.l_soc.core_with_l2.core.backend.inner_intScheduler.IssueQueueAluCsrFenceDiv.io_deqDelay_1,0,1,0,0
4248,8496,TOP.SimTop.cpu.l_soc.core_with_l2.core.backend.inner_intScheduler.IssueQueueAluCsrFenceDiv.io_deqDelay_1,0,1,0,0
4249,8498,TOP.SimTop.cpu.l_soc.core_with_l2.core.backend.inner_intScheduler.IssueQueueAluCsrFenceDiv.io_deqDelay_1,0,1,0,0
4250,8500,TOP.SimTop.cpu.l_soc.core_with_l2.core.backend.inner_intScheduler.IssueQueueAluCsrFenceDiv.io_deqDelay_1,0,1,0,0
4251,8502,TOP.SimTop.cpu.l_soc.core_with_l2.core.backend.inner_intScheduler.IssueQueueAluCsrFenceDiv.io_deqDelay_1,0,1,0,0
4252,8504,TOP.SimTop.cpu.l_soc.core_with_l2.core.backend.inner_intScheduler.IssueQueueAluCsrFenceDiv.io_deqDelay_1,0,1,0,0
4253,8506,TOP.SimTop.cpu.l_soc.core_with_l2.core.backend.inner_intScheduler.IssueQueueAluCsrFenceDiv.io_deqDelay_1,0,1,0,0
4254,8508,TOP.SimTop.cpu.l_soc.core_with_l2.core.backend.inner_intScheduler.IssueQueueAluCsrFenceDiv.io_deqDelay_1,0,1,0,0
4255,8510,TOP.SimTop.cpu.l_soc.core_with_l2.core.backend.inner_intScheduler.IssueQueueAluCsrFenceDiv.io_deqDelay_1,0,1,0,0
4256,8512,TOP.SimTop.cpu.l_soc.core_with_l2.core.backend.inner_intScheduler.IssueQueueAluCsrFenceDiv.io_deqDelay_1,0,1,0,0
4257,8514,TOP.SimTop.cpu.l_soc.core_with_l2.core.backend.inner_intScheduler.IssueQueueAluCsrFenceDiv.io_deqDelay_1,0,1,0,0
4258,8516,TOP.SimTop.cpu.l_soc.core_with_l2.core.backend.inner_intScheduler.IssueQueueAluCsrFenceDiv.io_deqDelay_1,0,1,0,0
4259,8518,TOP.SimTop.cpu.l_soc.core_with_l2.core.backend.inner_intScheduler.IssueQueueAluCsrFenceDiv.io_deqDelay_1,0,1,0,0
4260,8520,TOP.SimTop.cpu.l_soc.core_with_l2.core.backend.inner_intScheduler.IssueQueueAluCsrFenceDiv.io_deqDelay_1,0,1,0,0
4261,8522,TOP.SimTop.cpu.l_soc.core_with_l2.core.backend.inner_intScheduler.IssueQueueAluCsrFenceDiv.io_deqDelay_1,0,1,0,0
4262,8524,TOP.SimTop.cpu.l_soc.core_with_l2.core.backend.inner_intScheduler.IssueQueueAluCsrFenceDiv.io_deqDelay_1,0,1,0,0
4263,8526,TOP.SimTop.cpu.l_soc.core_with_l2.core.backend.inner_intScheduler.IssueQueueAluCsrFenceDiv.io_deqDelay_1,0,1,0,0
4264,8528,TOP.SimTop.cpu.l_soc.core_with_l2.core.backend.inner_intScheduler.IssueQueueAluCsrFenceDiv.io_deqDelay_1,0,1,0,0
4265,8530,TOP.SimTop.cpu.l_soc.core_with_l2.core.backend.inner_intScheduler.IssueQueueAluCsrFenceDiv.io_deqDelay_1,0,1,0,0
4266,8532,TOP.SimTop.cpu.l_soc.core_with_l2.core.backend.inner_intScheduler.IssueQueueAluCsrFenceDiv.io_deqDelay_1,1,1,1,20
4267,8534,TOP.SimTop.cpu.l_soc.core_with_l2.core.backend.inner_intScheduler.IssueQueueAluCsrFenceDiv.io_deqDelay_1,0,1,0,0
4268,8536,TOP.SimTop.cpu.l_soc.core_with_l2.core.backend.inner_intScheduler.IssueQueueAluCsrFenceDiv.io_deqDelay_1,0,1,0,0
4269,8538,TOP.SimTop.cpu.l_soc.core_with_l2.core.backend.inner_intScheduler.IssueQueueAluCsrFenceDiv.io_deqDelay_1,0,1,0,0
4270,8540,TOP.SimTop.cpu.l_soc.core_with_l2.core.backend.inner_intScheduler.IssueQueueAluCsrFenceDiv.io_deqDelay_1,0,1,0,0
4271,8542,TOP.SimTop.cpu.l_soc.core_with_l2.core.backend.inner_intScheduler.IssueQueueAluCsrFenceDiv.io_deqDelay_1,0,1,0,0
4272,8544,TOP.SimTop.cpu.l_soc.core_with_l2.core.backend.inner_intScheduler.IssueQueueAluCsrFenceDiv.io_deqDelay_1,0,1,0,0
4273,8546,TOP.SimTop.cpu.l_soc.core_with_l2.core.backend.inner_intScheduler.IssueQueueAluCsrFenceDiv.io_deqDelay_1,0,1,0,0
4274,8548,TOP.SimTop.cpu.l_soc.core_with_l2.core.backend.inner_intScheduler.IssueQueueAluCsrFenceDiv.io_deqDelay_1,0,1,0,0
4275,8550,TOP.SimTop.cpu.l_soc.core_with_l2.core.backend.inner_intScheduler.IssueQueueAluCsrFenceDiv.io_deqDelay_1,0,1,0,0
4276,8552,TOP.SimTop.cpu.l_soc.core_with_l2.core.backend.inner_intScheduler.IssueQueueAluCsrFenceDiv.io_deqDelay_1,0,1,0,0
4277,8554,TOP.SimTop.cpu.l_soc.core_with_l2.core.backend.inner_intScheduler.IssueQueueAluCsrFenceDiv.io_deqDelay_1,0,1,0,0
4278,8556,TOP.SimTop.cpu.l_soc.core_with_l2.core.backend.inner_intScheduler.IssueQueueAluCsrFenceDiv.io_deqDelay_1,0,1,0,0
4279,8558,TOP.SimTop.cpu.l_soc.core_with_l2.core.backend.inner_intScheduler.IssueQueueAluCsrFenceDiv.io_deqDelay_1,0,1,0,0
4280,8560,TOP.SimTop.cpu.l_soc.core_with_l2.core.backend.inner_intScheduler.IssueQueueAluCsrFenceDiv.io_deqDelay_1,0,1,0,0
4281,8562,TOP.SimTop.cpu.l_soc.core_with_l2.core.backend.inner_intScheduler.IssueQueueAluCsrFenceDiv.io_deqDelay_1,0,1,0,0
4282,8564,TOP.SimTop.cpu.l_soc.core_with_l2.core.backend.inner_intScheduler.IssueQueueAluCsrFenceDiv.io_deqDelay_1,0,1,0,0
4283,8566,TOP.SimTop.cpu.l_soc.core_with_l2.core.backend.inner_intScheduler.IssueQueueAluCsrFenceDiv.io_deqDelay_1,0,1,0,0
4284,8568,TOP.SimTop.cpu.l_soc.core_with_l2.core.backend.inner_intScheduler.IssueQueueAluCsrFenceDiv.io_deqDelay_1,0,1,0,0
4285,8570,TOP.SimTop.cpu.l_soc.core_with_l2.core.backend.inner_intScheduler.IssueQueueAluCsrFenceDiv.io_deqDelay_1,0,1,0,0
4286,8572,TOP.SimTop.cpu.l_soc.core_with_l2.core.backend.inner_intScheduler.IssueQueueAluCsrFenceDiv.io_deqDelay_1,0,1,0,0
4287,8574,TOP.SimTop.cpu.l_soc.core_with_l2.core.backend.inner_intScheduler.IssueQueueAluCsrFenceDiv.io_deqDelay_1,0,1,0,0
4288,8576,TOP.SimTop.cpu.l_soc.core_with_l2.core.backend.inner_intScheduler.IssueQueueAluCsrFenceDiv.io_deqDelay_1,0,1,0,0
4289,8578,TOP.SimTop.cpu.l_soc.core_with_l2.core.backend.inner_intScheduler.IssueQueueAluCsrFenceDiv.io_deqDelay_1,0,1,0,0
4290,8580,TOP.SimTop.cpu.l_soc.core_with_l2.core.backend.inner_intScheduler.IssueQueueAluCsrFenceDiv.io_deqDelay_1,0,1,0,0
4291,8582,TOP.SimTop.cpu.l_soc.core_with_l2.core.backend.inner_intScheduler.IssueQueueAluCsrFenceDiv.io_deqDelay_1,0,1,0,0
4292,8584,TOP.SimTop.cpu.l_soc.core_with_l2.core.backend.inner_intScheduler.IssueQueueAluCsrFenceDiv.io_deqDelay_1,1,1,1,20
4293,8586,TOP.SimTop.cpu.l_soc.core_with_l2.core.backend.inner_intScheduler.IssueQueueAluCsrFenceDiv.io_deqDelay_1,1,1,1,21
4294,8588,TOP.SimTop.cpu.l_soc.core_with_l2.core.backend.inner_intScheduler.IssueQueueAluCsrFenceDiv.io_deqDelay_1,1,1,1,22
4295,8590,TOP.SimTop.cpu.l_soc.core_with_l2.core.backend.inner_intScheduler.IssueQueueAluCsrFenceDiv.io_deqDelay_1,0,1,0,0
4296,8592,TOP.SimTop.cpu.l_soc.core_with_l2.core.backend.inner_intScheduler.IssueQueueAluCsrFenceDiv.io_deqDelay_1,0,1,0,0
4297,8594,TOP.SimTop.cpu.l_soc.core_with_l2.core.backend.inner_intScheduler.IssueQueueAluCsrFenceDiv.io_deqDelay_1,1,1,1,22
4298,8596,TOP.SimTop.cpu.l_soc.core_with_l2.core.backend.inner_intScheduler.IssueQueueAluCsrFenceDiv.io_deqDelay_1,0,1,0,0
4299,8598,TOP.SimTop.cpu.l_soc.core_with_l2.core.backend.inner_intScheduler.IssueQueueAluCsrFenceDiv.io_deqDelay_1,0,1,0,0
4300,8600,TOP.SimTop.cpu.l_soc.core_with_l2.core.backend.inner_intScheduler.IssueQueueAluCsrFenceDiv.io_deqDelay_1,0,1,0,0
4301,8602,TOP.SimTop.cpu.l_soc.core_with_l2.core.backend.inner_intScheduler.IssueQueueAluCsrFenceDiv.io_deqDelay_1,0,1,0,0
4302,8604,TOP.SimTop.cpu.l_soc.core_with_l2.core.backend.inner_intScheduler.IssueQueueAluCsrFenceDiv.io_deqDelay_1,0,1,0,0
4303,8606,TOP.SimTop.cpu.l_soc.core_with_l2.core.backend.inner_intScheduler.IssueQueueAluCsrFenceDiv.io_deqDelay_1,0,1,0,0
4304,8608,TOP.SimTop.cpu.l_soc.core_with_l2.core.backend.inner_intScheduler.IssueQueueAluCsrFenceDiv.io_deqDelay_1,0,1,0,0
4305,8610,TOP.SimTop.cpu.l_soc.core_with_l2.core.backend.inner_intScheduler.IssueQueueAluCsrFenceDiv.io_deqDelay_1,0,1,0,0
4306,8612,TOP.SimTop.cpu.l_soc.core_with_l2.core.backend.inner_intScheduler.IssueQueueAluCsrFenceDiv.io_deqDelay_1,1,1,1,23
4307,8614,TOP.SimTop.cpu.l_soc.core_with_l2.core.backend.inner_intScheduler.IssueQueueAluCsrFenceDiv.io_deqDelay_1,0,1,0,0
4308,8616,TOP.SimTop.cpu.l_soc.core_with_l2.core.backend.inner_intScheduler.IssueQueueAluCsrFenceDiv.io_deqDelay_1,0,1,0,0
4309,8618,TOP.SimTop.cpu.l_soc.core_with_l2.core.backend.inner_intScheduler.IssueQueueAluCsrFenceDiv.io_deqDelay_1,0,1,0,0
4310,8620,TOP.SimTop.cpu.l_soc.core_with_l2.core.backend.inner_intScheduler.IssueQueueAluCsrFenceDiv.io_deqDelay_1,0,1,0,0
4311,8622,TOP.SimTop.cpu.l_soc.core_with_l2.core.backend.inner_intScheduler.IssueQueueAluCsrFenceDiv.io_deqDelay_1,0,1,0,0
4312,8624,TOP.SimTop.cpu.l_soc.core_with_l2.core.backend.inner_intScheduler.IssueQueueAluCsrFenceDiv.io_deqDelay_1,0,1,0,0
4313,8626,TOP.SimTop.cpu.l_soc.core_with_l2.core.backend.inner_intScheduler.IssueQueueAluCsrFenceDiv.io_deqDelay_1,0,1,0,0
4314,8628,TOP.SimTop.cpu.l_soc.core_with_l2.core.backend.inner_intScheduler.IssueQueueAluCsrFenceDiv.io_deqDelay_1,0,1,0,0
4315,8630,TOP.SimTop.cpu.l_soc.core_with_l2.core.backend.inner_intScheduler.IssueQueueAluCsrFenceDiv.io_deqDelay_1,0,1,0,0
4316,8632,TOP.SimTop.cpu.l_soc.core_with_l2.core.backend.inner_intScheduler.IssueQueueAluCsrFenceDiv.io_deqDelay_1,0,1,0,0
4317,8634,TOP.SimTop.cpu.l_soc.core_with_l2.core.backend.inner_intScheduler.IssueQueueAluCsrFenceDiv.io_deqDelay_1,0,1,0,0
4318,8636,TOP.SimTop.cpu.l_soc.core_with_l2.core.backend.inner_intScheduler.IssueQueueAluCsrFenceDiv.io_deqDelay_1,0,1,0,0
4319,8638,TOP.SimTop.cpu.l_soc.core_with_l2.core.backend.inner_intScheduler.IssueQueueAluCsrFenceDiv.io_deqDelay_1,0,1,0,0
4320,8640,TOP.SimTop.cpu.l_soc.core_with_l2.core.backend.inner_intScheduler.IssueQueueAluCsrFenceDiv.io_deqDelay_1,0,1,0,0
4321,8642,TOP.SimTop.cpu.l_soc.core_with_l2.core.backend.inner_intScheduler.IssueQueueAluCsrFenceDiv.io_deqDelay_1,0,1,0,0
4322,8644,TOP.SimTop.cpu.l_soc.core_with_l2.core.backend.inner_intScheduler.IssueQueueAluCsrFenceDiv.io_deqDelay_1,1,1,1,41
4323,8646,TOP.SimTop.cpu.l_soc.core_with_l2.core.backend.inner_intScheduler.IssueQueueAluCsrFenceDiv.io_deqDelay_1,0,1,0,0
4324,8648,TOP.SimTop.cpu.l_soc.core_with_l2.core.backend.inner_intScheduler.IssueQueueAluCsrFenceDiv.io_deqDelay_1,0,1,0,0
4325,8650,TOP.SimTop.cpu.l_soc.core_with_l2.core.backend.inner_intScheduler.IssueQueueAluCsrFenceDiv.io_deqDelay_1,0,1,0,0
4326,8652,TOP.SimTop.cpu.l_soc.core_with_l2.core.backend.inner_intScheduler.IssueQueueAluCsrFenceDiv.io_deqDelay_1,0,1,0,0
4327,8654,TOP.SimTop.cpu.l_soc.core_with_l2.core.backend.inner_intScheduler.IssueQueueAluCsrFenceDiv.io_deqDelay_1,0,1,0,0
4328,8656,TOP.SimTop.cpu.l_soc.core_with_l2.core.backend.inner_intScheduler.IssueQueueAluCsrFenceDiv.io_deqDelay_1,0,1,0,0
4329,8658,TOP.SimTop.cpu.l_soc.core_with_l2.core.backend.inner_intScheduler.IssueQueueAluCsrFenceDiv.io_deqDelay_1,0,1,0,0
4330,8660,TOP.SimTop.cpu.l_soc.core_with_l2.core.backend.inner_intScheduler.IssueQueueAluCsrFenceDiv.io_deqDelay_1,0,1,0,0
4331,8662,TOP.SimTop.cpu.l_soc.core_with_l2.core.backend.inner_intScheduler.IssueQueueAluCsrFenceDiv.io_deqDelay_1,1,1,1,42
4332,8664,TOP.SimTop.cpu.l_soc.core_with_l2.core.backend.inner_intScheduler.IssueQueueAluCsrFenceDiv.io_deqDelay_1,0,1,0,0
4333,8666,TOP.SimTop.cpu.l_soc.core_with_l2.core.backend.inner_intScheduler.IssueQueueAluCsrFenceDiv.io_deqDelay_1,0,1,0,0
4334,8668,TOP.SimTop.cpu.l_soc.core_with_l2.core.backend.inner_intScheduler.IssueQueueAluCsrFenceDiv.io_deqDelay_1,0,1,0,0
4335,8670,TOP.SimTop.cpu.l_soc.core_with_l2.core.backend.inner_intScheduler.IssueQueueAluCsrFenceDiv.io_deqDelay_1,0,1,0,0
4336,8672,TOP.SimTop.cpu.l_soc.core_with_l2.core.backend.inner_intScheduler.IssueQueueAluCsrFenceDiv.io_deqDelay_1,0,1,0,0
4337,8674,TOP.SimTop.cpu.l_soc.core_with_l2.core.backend.inner_intScheduler.IssueQueueAluCsrFenceDiv.io_deqDelay_1,0,1,0,0
4338,8676,TOP.SimTop.cpu.l_soc.core_with_l2.core.backend.inner_intScheduler.IssueQueueAluCsrFenceDiv.io_deqDelay_1,0,1,0,0
4339,8678,TOP.SimTop.cpu.l_soc.core_with_l2.core.backend.inner_intScheduler.IssueQueueAluCsrFenceDiv.io_deqDelay_1,0,1,0,0
4340,8680,TOP.SimTop.cpu.l_soc.core_with_l2.core.backend.inner_intScheduler.IssueQueueAluCsrFenceDiv.io_deqDelay_1,0,1,0,0
4341,8682,TOP.SimTop.cpu.l_soc.core_with_l2.core.backend.inner_intScheduler.IssueQueueAluCsrFenceDiv.io_deqDelay_1,0,1,0,0
4342,8684,TOP.SimTop.cpu.l_soc.core_with_l2.core.backend.inner_intScheduler.IssueQueueAluCsrFenceDiv.io_deqDelay_1,0,1,0,0
4343,8686,TOP.SimTop.cpu.l_soc.core_with_l2.core.backend.inner_intScheduler.IssueQueueAluCsrFenceDiv.io_deqDelay_1,0,1,0,0
4344,8688,TOP.SimTop.cpu.l_soc.core_with_l2.core.backend.inner_intScheduler.IssueQueueAluCsrFenceDiv.io_deqDelay_1,0,1,0,0
4345,8690,TOP.SimTop.cpu.l_soc.core_with_l2.core.backend.inner_intScheduler.IssueQueueAluCsrFenceDiv.io_deqDelay_1,0,1,0,0
4346,8692,TOP.SimTop.cpu.l_soc.core_with_l2.core.backend.inner_intScheduler.IssueQueueAluCsrFenceDiv.io_deqDelay_1,0,1,0,0
4347,8694,TOP.SimTop.cpu.l_soc.core_with_l2.core.backend.inner_intScheduler.IssueQueueAluCsrFenceDiv.io_deqDelay_1,0,1,0,0
4348,8696,TOP.SimTop.cpu.l_soc.core_with_l2.core.backend.inner_intScheduler.IssueQueueAluCsrFenceDiv.io_deqDelay_1,0,1,0,0
4349,8698,TOP.SimTop.cpu.l_soc.core_with_l2.core.backend.inner_intScheduler.IssueQueueAluCsrFenceDiv.io_deqDelay_1,0,1,0,0
4350,8700,TOP.SimTop.cpu.l_soc.core_with_l2.core.backend.inner_intScheduler.IssueQueueAluCsrFenceDiv.io_deqDelay_1,0,1,0,0
4351,8702,TOP.SimTop.cpu.l_soc.core_with_l2.core.backend.inner_intScheduler.IssueQueueAluCsrFenceDiv.io_deqDelay_1,0,1,0,0
4352,8704,TOP.SimTop.cpu.l_soc.core_with_l2.core.backend.inner_intScheduler.IssueQueueAluCsrFenceDiv.io_deqDelay_1,0,1,0,0
4353,8706,TOP.SimTop.cpu.l_soc.core_with_l2.core.backend.inner_intScheduler.IssueQueueAluCsrFenceDiv.io_deqDelay_1,0,1,0,0
4354,8708,TOP.SimTop.cpu.l_soc.core_with_l2.core.backend.inner_intScheduler.IssueQueueAluCsrFenceDiv.io_deqDelay_1,0,1,0,0
4355,8710,TOP.SimTop.cpu.l_soc.core_with_l2.core.backend.inner_intScheduler.IssueQueueAluCsrFenceDiv.io_deqDelay_1,0,1,0,0
4356,8712,TOP.SimTop.cpu.l_soc.core_with_l2.core.backend.inner_intScheduler.IssueQueueAluCsrFenceDiv.io_deqDelay_1,0,1,0,0
4357,8714,TOP.SimTop.cpu.l_soc.core_with_l2.core.backend.inner_intScheduler.IssueQueueAluCsrFenceDiv.io_deqDelay_1,0,1,0,0
4358,8716,TOP.SimTop.cpu.l_soc.core_with_l2.core.backend.inner_intScheduler.IssueQueueAluCsrFenceDiv.io_deqDelay_1,0,1,0,0
4359,8718,TOP.SimTop.cpu.l_soc.core_with_l2.core.backend.inner_intScheduler.IssueQueueAluCsrFenceDiv.io_deqDelay_1,0,1,0,0
4360,8720,TOP.SimTop.cpu.l_soc.core_with_l2.core.backend.inner_intScheduler.IssueQueueAluCsrFenceDiv.io_deqDelay_1,0,1,0,0
4361,8722,TOP.SimTop.cpu.l_soc.core_with_l2.core.backend.inner_intScheduler.IssueQueueAluCsrFenceDiv.io_deqDelay_1,0,1,0,0
4362,8724,TOP.SimTop.cpu.l_soc.core_with_l2.core.backend.inner_intScheduler.IssueQueueAluCsrFenceDiv.io_deqDelay_1,0,1,0,0
4363,8726,TOP.SimTop.cpu.l_soc.core_with_l2.core.backend.inner_intScheduler.IssueQueueAluCsrFenceDiv.io_deqDelay_1,0,1,0,0
4364,8728,TOP.SimTop.cpu.l_soc.core_with_l2.core.backend.inner_intScheduler.IssueQueueAluCsrFenceDiv.io_deqDelay_1,0,1,0,0
4365,8730,TOP.SimTop.cpu.l_soc.core_with_l2.core.backend.inner_intScheduler.IssueQueueAluCsrFenceDiv.io_deqDelay_1,0,1,0,0
4366,8732,TOP.SimTop.cpu.l_soc.core_with_l2.core.backend.inner_intScheduler.IssueQueueAluCsrFenceDiv.io_deqDelay_1,0,1,0,0
4367,8734,TOP.SimTop.cpu.l_soc.core_with_l2.core.backend.inner_intScheduler.IssueQueueAluCsrFenceDiv.io_deqDelay_1,0,1,0,0
4368,8736,TOP.SimTop.cpu.l_soc.core_with_l2.core.backend.inner_intScheduler.IssueQueueAluCsrFenceDiv.io_deqDelay_1,0,1,0,0
4369,8738,TOP.SimTop.cpu.l_soc.core_with_l2.core.backend.inner_intScheduler.IssueQueueAluCsrFenceDiv.io_deqDelay_1,0,1,0,0
4370,8740,TOP.SimTop.cpu.l_soc.core_with_l2.core.backend.inner_intScheduler.IssueQueueAluCsrFenceDiv.io_deqDelay_1,0,1,0,0
4371,8742,TOP.SimTop.cpu.l_soc.core_with_l2.core.backend.inner_intScheduler.IssueQueueAluCsrFenceDiv.io_deqDelay_1,0,1,0,0
4372,8744,TOP.SimTop.cpu.l_soc.core_with_l2.core.backend.inner_intScheduler.IssueQueueAluCsrFenceDiv.io_deqDelay_1,0,1,0,0
4373,8746,TOP.SimTop.cpu.l_soc.core_with_l2.core.backend.inner_intScheduler.IssueQueueAluCsrFenceDiv.io_deqDelay_1,0,1,0,0
4374,8748,TOP.SimTop.cpu.l_soc.core_with_l2.core.backend.inner_intScheduler.IssueQueueAluCsrFenceDiv.io_deqDelay_1,0,1,0,0
4375,8750,TOP.SimTop.cpu.l_soc.core_with_l2.core.backend.inner_intScheduler.IssueQueueAluCsrFenceDiv.io_deqDelay_1,0,1,0,0
4376,8752,TOP.SimTop.cpu.l_soc.core_with_l2.core.backend.inner_intScheduler.IssueQueueAluCsrFenceDiv.io_deqDelay_1,0,1,0,0
4377,8754,TOP.SimTop.cpu.l_soc.core_with_l2.core.backend.inner_intScheduler.IssueQueueAluCsrFenceDiv.io_deqDelay_1,0,1,0,0
4378,8756,TOP.SimTop.cpu.l_soc.core_with_l2.core.backend.inner_intScheduler.IssueQueueAluCsrFenceDiv.io_deqDelay_1,0,1,0,0
4379,8758,TOP.SimTop.cpu.l_soc.core_with_l2.core.backend.inner_intScheduler.IssueQueueAluCsrFenceDiv.io_deqDelay_1,0,1,0,0
4380,8760,TOP.SimTop.cpu.l_soc.core_with_l2.core.backend.inner_intScheduler.IssueQueueAluCsrFenceDiv.io_deqDelay_1,0,1,0,0
4381,8762,TOP.SimTop.cpu.l_soc.core_with_l2.core.backend.inner_intScheduler.IssueQueueAluCsrFenceDiv.io_deqDelay_1,0,1,0,0
4382,8764,TOP.SimTop.cpu.l_soc.core_with_l2.core.backend.inner_intScheduler.IssueQueueAluCsrFenceDiv.io_deqDelay_1,0,1,0,0
4383,8766,TOP.SimTop.cpu.l_soc.core_with_l2.core.backend.inner_intScheduler.IssueQueueAluCsrFenceDiv.io_deqDelay_1,0,1,0,0
4384,8768,TOP.SimTop.cpu.l_soc.core_with_l2.core.backend.inner_intScheduler.IssueQueueAluCsrFenceDiv.io_deqDelay_1,1,1,1,52
4385,8770,TOP.SimTop.cpu.l_soc.core_with_l2.core.backend.inner_intScheduler.IssueQueueAluCsrFenceDiv.io_deqDelay_1,1,1,1,53
4386,8772,TOP.SimTop.cpu.l_soc.core_with_l2.core.backend.inner_intScheduler.IssueQueueAluCsrFenceDiv.io_deqDelay_1,1,1,1,54
4387,8774,TOP.SimTop.cpu.l_soc.core_with_l2.core.backend.inner_intScheduler.IssueQueueAluCsrFenceDiv.io_deqDelay_1,0,1,0,0
4388,8776,TOP.SimTop.cpu.l_soc.core_with_l2.core.backend.inner_intScheduler.IssueQueueAluCsrFenceDiv.io_deqDelay_1,0,1,0,0
4389,8778,TOP.SimTop.cpu.l_soc.core_with_l2.core.backend.inner_intScheduler.IssueQueueAluCsrFenceDiv.io_deqDelay_1,1,1,1,54
4390,8780,TOP.SimTop.cpu.l_soc.core_with_l2.core.backend.inner_intScheduler.IssueQueueAluCsrFenceDiv.io_deqDelay_1,0,1,0,0
4391,8782,TOP.SimTop.cpu.l_soc.core_with_l2.core.backend.inner_intScheduler.IssueQueueAluCsrFenceDiv.io_deqDelay_1,0,1,0,0
4392,8784,TOP.SimTop.cpu.l_soc.core_with_l2.core.backend.inner_intScheduler.IssueQueueAluCsrFenceDiv.io_deqDelay_1,0,1,0,0
4393,8786,TOP.SimTop.cpu.l_soc.core_with_l2.core.backend.inner_intScheduler.IssueQueueAluCsrFenceDiv.io_deqDelay_1,0,1,0,0
4394,8788,TOP.SimTop.cpu.l_soc.core_with_l2.core.backend.inner_intScheduler.IssueQueueAluCsrFenceDiv.io_deqDelay_1,0,1,0,0
4395,8790,TOP.SimTop.cpu.l_soc.core_with_l2.core.backend.inner_intScheduler.IssueQueueAluCsrFenceDiv.io_deqDelay_1,0,1,0,0
4396,8792,TOP.SimTop.cpu.l_soc.core_with_l2.core.backend.inner_intScheduler.IssueQueueAluCsrFenceDiv.io_deqDelay_1,0,1,0,0
4397,8794,TOP.SimTop.cpu.l_soc.core_with_l2.core.backend.inner_intScheduler.IssueQueueAluCsrFenceDiv.io_deqDelay_1,0,1,0,0
4398,8796,TOP.SimTop.cpu.l_soc.core_with_l2.core.backend.inner_intScheduler.IssueQueueAluCsrFenceDiv.io_deqDelay_1,1,1,1,55
4399,8798,TOP.SimTop.cpu.l_soc.core_with_l2.core.backend.inner_intScheduler.IssueQueueAluCsrFenceDiv.io_deqDelay_1,0,1,0,0
4400,8800,TOP.SimTop.cpu.l_soc.core_with_l2.core.backend.inner_intScheduler.IssueQueueAluCsrFenceDiv.io_deqDelay_1,0,1,0,0
4401,8802,TOP.SimTop.cpu.l_soc.core_with_l2.core.backend.inner_intScheduler.IssueQueueAluCsrFenceDiv.io_deqDelay_1,0,1,0,0
4402,8804,TOP.SimTop.cpu.l_soc.core_with_l2.core.backend.inner_intScheduler.IssueQueueAluCsrFenceDiv.io_deqDelay_1,0,1,0,0
4403,8806,TOP.SimTop.cpu.l_soc.core_with_l2.core.backend.inner_intScheduler.IssueQueueAluCsrFenceDiv.io_deqDelay_1,0,1,0,0
4404,8808,TOP.SimTop.cpu.l_soc.core_with_l2.core.backend.inner_intScheduler.IssueQueueAluCsrFenceDiv.io_deqDelay_1,0,1,0,0
4405,8810,TOP.SimTop.cpu.l_soc.core_with_l2.core.backend.inner_intScheduler.IssueQueueAluCsrFenceDiv.io_deqDelay_1,0,1,0,0
4406,8812,TOP.SimTop.cpu.l_soc.core_with_l2.core.backend.inner_intScheduler.IssueQueueAluCsrFenceDiv.io_deqDelay_1,0,1,0,0
4407,8814,TOP.SimTop.cpu.l_soc.core_with_l2.core.backend.inner_intScheduler.IssueQueueAluCsrFenceDiv.io_deqDelay_1,0,1,0,0
4408,8816,TOP.SimTop.cpu.l_soc.core_with_l2.core.backend.inner_intScheduler.IssueQueueAluCsrFenceDiv.io_deqDelay_1,0,1,0,0
4409,8818,TOP.SimTop.cpu.l_soc.core_with_l2.core.backend.inner_intScheduler.IssueQueueAluCsrFenceDiv.io_deqDelay_1,0,1,0,0
4410,8820,TOP.SimTop.cpu.l_soc.core_with_l2.core.backend.inner_intScheduler.IssueQueueAluCsrFenceDiv.io_deqDelay_1,0,1,0,0
4411,8822,TOP.SimTop.cpu.l_soc.core_with_l2.core.backend.inner_intScheduler.IssueQueueAluCsrFenceDiv.io_deqDelay_1,0,1,0,0
4412,8824,TOP.SimTop.cpu.l_soc.core_with_l2.core.backend.inner_intScheduler.IssueQueueAluCsrFenceDiv.io_deqDelay_1,0,1,0,0
4413,8826,TOP.SimTop.cpu.l_soc.core_with_l2.core.backend.inner_intScheduler.IssueQueueAluCsrFenceDiv.io_deqDelay_1,0,1,0,0
4414,8828,TOP.SimTop.cpu.l_soc.core_with_l2.core.backend.inner_intScheduler.IssueQueueAluCsrFenceDiv.io_deqDelay_1,1,1,1,73
4415,8830,TOP.SimTop.cpu.l_soc.core_with_l2.core.backend.inner_intScheduler.IssueQueueAluCsrFenceDiv.io_deqDelay_1,0,1,0,0
4416,8832,TOP.SimTop.cpu.l_soc.core_with_l2.core.backend.inner_intScheduler.IssueQueueAluCsrFenceDiv.io_deqDelay_1,0,1,0,0
4417,8834,TOP.SimTop.cpu.l_soc.core_with_l2.core.backend.inner_intScheduler.IssueQueueAluCsrFenceDiv.io_deqDelay_1,0,1,0,0
4418,8836,TOP.SimTop.cpu.l_soc.core_with_l2.core.backend.inner_intScheduler.IssueQueueAluCsrFenceDiv.io_deqDelay_1,0,1,0,0
4419,8838,TOP.SimTop.cpu.l_soc.core_with_l2.core.backend.inner_intScheduler.IssueQueueAluCsrFenceDiv.io_deqDelay_1,0,1,0,0
4420,8840,TOP.SimTop.cpu.l_soc.core_with_l2.core.backend.inner_intScheduler.IssueQueueAluCsrFenceDiv.io_deqDelay_1,0,1,0,0
4421,8842,TOP.SimTop.cpu.l_soc.core_with_l2.core.backend.inner_intScheduler.IssueQueueAluCsrFenceDiv.io_deqDelay_1,0,1,0,0
4422,8844,TOP.SimTop.cpu.l_soc.core_with_l2.core.backend.inner_intScheduler.IssueQueueAluCsrFenceDiv.io_deqDelay_1,0,1,0,0
4423,8846,TOP.SimTop.cpu.l_soc.core_with_l2.core.backend.inner_intScheduler.IssueQueueAluCsrFenceDiv.io_deqDelay_1,1,1,1,74
4424,8848,TOP.SimTop.cpu.l_soc.core_with_l2.core.backend.inner_intScheduler.IssueQueueAluCsrFenceDiv.io_deqDelay_1,0,1,0,0
4425,8850,TOP.SimTop.cpu.l_soc.core_with_l2.core.backend.inner_intScheduler.IssueQueueAluCsrFenceDiv.io_deqDelay_1,0,1,0,0
4426,8852,TOP.SimTop.cpu.l_soc.core_with_l2.core.backend.inner_intScheduler.IssueQueueAluCsrFenceDiv.io_deqDelay_1,0,1,0,0
4427,8854,TOP.SimTop.cpu.l_soc.core_with_l2.core.backend.inner_intScheduler.IssueQueueAluCsrFenceDiv.io_deqDelay_1,0,1,0,0
4428,8856,TOP.SimTop.cpu.l_soc.core_with_l2.core.backend.inner_intScheduler.IssueQueueAluCsrFenceDiv.io_deqDelay_1,0,1,0,0
4429,8858,TOP.SimTop.cpu.l_soc.core_with_l2.core.backend.inner_intScheduler.IssueQueueAluCsrFenceDiv.io_deqDelay_1,0,1,0,0
4430,8860,TOP.SimTop.cpu.l_soc.core_with_l2.core.backend.inner_intScheduler.IssueQueueAluCsrFenceDiv.io_deqDelay_1,0,1,0,0
4431,8862,TOP.SimTop.cpu.l_soc.core_with_l2.core.backend.inner_intScheduler.IssueQueueAluCsrFenceDiv.io_deqDelay_1,0,1,0,0
4432,8864,TOP.SimTop.cpu.l_soc.core_with_l2.core.backend.inner_intScheduler.IssueQueueAluCsrFenceDiv.io_deqDelay_1,0,1,0,0
4433,8866,TOP.SimTop.cpu.l_soc.core_with_l2.core.backend.inner_intScheduler.IssueQueueAluCsrFenceDiv.io_deqDelay_1,0,1,0,0
4434,8868,TOP.SimTop.cpu.l_soc.core_with_l2.core.backend.inner_intScheduler.IssueQueueAluCsrFenceDiv.io_deqDelay_1,0,1,0,0
4435,8870,TOP.SimTop.cpu.l_soc.core_with_l2.core.backend.inner_intScheduler.IssueQueueAluCsrFenceDiv.io_deqDelay_1,0,1,0,0
4436,8872,TOP.SimTop.cpu.l_soc.core_with_l2.core.backend.inner_intScheduler.IssueQueueAluCsrFenceDiv.io_deqDelay_1,0,1,0,0
4437,8874,TOP.SimTop.cpu.l_soc.core_with_l2.core.backend.inner_intScheduler.IssueQueueAluCsrFenceDiv.io_deqDelay_1,0,1,0,0
4438,8876,TOP.SimTop.cpu.l_soc.core_with_l2.core.backend.inner_intScheduler.IssueQueueAluCsrFenceDiv.io_deqDelay_1,0,1,0,0
4439,8878,TOP.SimTop.cpu.l_soc.core_with_l2.core.backend.inner_intScheduler.IssueQueueAluCsrFenceDiv.io_deqDelay_1,0,1,0,0
4440,8880,TOP.SimTop.cpu.l_soc.core_with_l2.core.backend.inner_intScheduler.IssueQueueAluCsrFenceDiv.io_deqDelay_1,0,1,0,0
4441,8882,TOP.SimTop.cpu.l_soc.core_with_l2.core.backend.inner_intScheduler.IssueQueueAluCsrFenceDiv.io_deqDelay_1,0,1,0,0
4442,8884,TOP.SimTop.cpu.l_soc.core_with_l2.core.backend.inner_intScheduler.IssueQueueAluCsrFenceDiv.io_deqDelay_1,0,1,0,0
4443,8886,TOP.SimTop.cpu.l_soc.core_with_l2.core.backend.inner_intScheduler.IssueQueueAluCsrFenceDiv.io_deqDelay_1,0,1,0,0
4444,8888,TOP.SimTop.cpu.l_soc.core_with_l2.core.backend.inner_intScheduler.IssueQueueAluCsrFenceDiv.io_deqDelay_1,0,1,0,0
4445,8890,TOP.SimTop.cpu.l_soc.core_with_l2.core.backend.inner_intScheduler.IssueQueueAluCsrFenceDiv.io_deqDelay_1,0,1,0,0
4446,8892,TOP.SimTop.cpu.l_soc.core_with_l2.core.backend.inner_intScheduler.IssueQueueAluCsrFenceDiv.io_deqDelay_1,0,1,0,0
4447,8894,TOP.SimTop.cpu.l_soc.core_with_l2.core.backend.inner_intScheduler.IssueQueueAluCsrFenceDiv.io_deqDelay_1,0,1,0,0
4448,8896,TOP.SimTop.cpu.l_soc.core_with_l2.core.backend.inner_intScheduler.IssueQueueAluCsrFenceDiv.io_deqDelay_1,0,1,0,0
4449,8898,TOP.SimTop.cpu.l_soc.core_with_l2.core.backend.inner_intScheduler.IssueQueueAluCsrFenceDiv.io_deqDelay_1,0,1,0,0
4450,8900,TOP.SimTop.cpu.l_soc.core_with_l2.core.backend.inner_intScheduler.IssueQueueAluCsrFenceDiv.io_deqDelay_1,0,1,0,0
4451,8902,TOP.SimTop.cpu.l_soc.core_with_l2.core.backend.inner_intScheduler.IssueQueueAluCsrFenceDiv.io_deqDelay_1,0,1,0,0
4452,8904,TOP.SimTop.cpu.l_soc.core_with_l2.core.backend.inner_intScheduler.IssueQueueAluCsrFenceDiv.io_deqDelay_1,0,1,0,0
4453,8906,TOP.SimTop.cpu.l_soc.core_with_l2.core.backend.inner_intScheduler.IssueQueueAluCsrFenceDiv.io_deqDelay_1,0,1,0,0
4454,8908,TOP.SimTop.cpu.l_soc.core_with_l2.core.backend.inner_intScheduler.IssueQueueAluCsrFenceDiv.io_deqDelay_1,0,1,0,0
4455,8910,TOP.SimTop.cpu.l_soc.core_with_l2.core.backend.inner_intScheduler.IssueQueueAluCsrFenceDiv.io_deqDelay_1,0,1,0,0
4456,8912,TOP.SimTop.cpu.l_soc.core_with_l2.core.backend.inner_intScheduler.IssueQueueAluCsrFenceDiv.io_deqDelay_1,0,1,0,0
4245,8490,TOP.SimTop.cpu.l_soc.core_with_l2.core.backend.inner_intExuBlock.exus_7.csr.io_in,1,1,1,8
4246,8492,TOP.SimTop.cpu.l_soc.core_with_l2.core.backend.inner_intExuBlock.exus_7.csr.io_in,0,0,0,8
4247,8494,TOP.SimTop.cpu.l_soc.core_with_l2.core.backend.inner_intExuBlock.exus_7.csr.io_in,0,1,0,8
4248,8496,TOP.SimTop.cpu.l_soc.core_with_l2.core.backend.inner_intExuBlock.exus_7.csr.io_in,0,1,0,8
4249,8498,TOP.SimTop.cpu.l_soc.core_with_l2.core.backend.inner_intExuBlock.exus_7.csr.io_in,0,1,0,8
4250,8500,TOP.SimTop.cpu.l_soc.core_with_l2.core.backend.inner_intExuBlock.exus_7.csr.io_in,0,1,0,8
4251,8502,TOP.SimTop.cpu.l_soc.core_with_l2.core.backend.inner_intExuBlock.exus_7.csr.io_in,0,1,0,8
4252,8504,TOP.SimTop.cpu.l_soc.core_with_l2.core.backend.inner_intExuBlock.exus_7.csr.io_in,0,1,0,8
4253,8506,TOP.SimTop.cpu.l_soc.core_with_l2.core.backend.inner_intExuBlock.exus_7.csr.io_in,0,1,0,8
4254,8508,TOP.SimTop.cpu.l_soc.core_with_l2.core.backend.inner_intExuBlock.exus_7.csr.io_in,0,1,0,8
4255,8510,TOP.SimTop.cpu.l_soc.core_with_l2.core.backend.inner_intExuBlock.exus_7.csr.io_in,0,1,0,8
4256,8512,TOP.SimTop.cpu.l_soc.core_with_l2.core.backend.inner_intExuBlock.exus_7.csr.io_in,0,1,0,8
4257,8514,TOP.SimTop.cpu.l_soc.core_with_l2.core.backend.inner_intExuBlock.exus_7.csr.io_in,0,1,0,8
4258,8516,TOP.SimTop.cpu.l_soc.core_with_l2.core.backend.inner_intExuBlock.exus_7.csr.io_in,0,1,0,8
4259,8518,TOP.SimTop.cpu.l_soc.core_with_l2.core.backend.inner_intExuBlock.exus_7.csr.io_in,0,1,0,8
4260,8520,TOP.SimTop.cpu.l_soc.core_with_l2.core.backend.inner_intExuBlock.exus_7.csr.io_in,0,1,0,8
4261,8522,TOP.SimTop.cpu.l_soc.core_with_l2.core.backend.inner_intExuBlock.exus_7.csr.io_in,0,1,0,8
4262,8524,TOP.SimTop.cpu.l_soc.core_with_l2.core.backend.inner_intExuBlock.exus_7.csr.io_in,0,1,0,8
4263,8526,TOP.SimTop.cpu.l_soc.core_with_l2.core.backend.inner_intExuBlock.exus_7.csr.io_in,0,1,0,8
4264,8528,TOP.SimTop.cpu.l_soc.core_with_l2.core.backend.inner_intExuBlock.exus_7.csr.io_in,0,1,0,8
4265,8530,TOP.SimTop.cpu.l_soc.core_with_l2.core.backend.inner_intExuBlock.exus_7.csr.io_in,0,1,0,8
4266,8532,TOP.SimTop.cpu.l_soc.core_with_l2.core.backend.inner_intExuBlock.exus_7.csr.io_in,0,1,0,8
4267,8534,TOP.SimTop.cpu.l_soc.core_with_l2.core.backend.inner_intExuBlock.exus_7.csr.io_in,0,1,0,8
4268,8536,TOP.SimTop.cpu.l_soc.core_with_l2.core.backend.inner_intExuBlock.exus_7.csr.io_in,1,1,1,20
4269,8538,TOP.SimTop.cpu.l_soc.core_with_l2.core.backend.inner_intExuBlock.exus_7.csr.io_in,0,0,0,20
4270,8540,TOP.SimTop.cpu.l_soc.core_with_l2.core.backend.inner_intExuBlock.exus_7.csr.io_in,0,1,0,20
4271,8542,TOP.SimTop.cpu.l_soc.core_with_l2.core.backend.inner_intExuBlock.exus_7.csr.io_in,0,1,0,20
4272,8544,TOP.SimTop.cpu.l_soc.core_with_l2.core.backend.inner_intExuBlock.exus_7.csr.io_in,0,1,0,20
4273,8546,TOP.SimTop.cpu.l_soc.core_with_l2.core.backend.inner_intExuBlock.exus_7.csr.io_in,0,1,0,20
4274,8548,TOP.SimTop.cpu.l_soc.core_with_l2.core.backend.inner_intExuBlock.exus_7.csr.io_in,0,1,0,20
4275,8550,TOP.SimTop.cpu.l_soc.core_with_l2.core.backend.inner_intExuBlock.exus_7.csr.io_in,0,1,0,20
4276,8552,TOP.SimTop.cpu.l_soc.core_with_l2.core.backend.inner_intExuBlock.exus_7.csr.io_in,0,1,0,20
4277,8554,TOP.SimTop.cpu.l_soc.core_with_l2.core.backend.inner_intExuBlock.exus_7.csr.io_in,0,1,0,20
4278,8556,TOP.SimTop.cpu.l_soc.core_with_l2.core.backend.inner_intExuBlock.exus_7.csr.io_in,0,1,0,20
4279,8558,TOP.SimTop.cpu.l_soc.core_with_l2.core.backend.inner_intExuBlock.exus_7.csr.io_in,0,1,0,20
4280,8560,TOP.SimTop.cpu.l_soc.core_with_l2.core.backend.inner_intExuBlock.exus_7.csr.io_in,0,1,0,20
4281,8562,TOP.SimTop.cpu.l_soc.core_with_l2.core.backend.inner_intExuBlock.exus_7.csr.io_in,0,1,0,20
4282,8564,TOP.SimTop.cpu.l_soc.core_with_l2.core.backend.inner_intExuBlock.exus_7.csr.io_in,0,1,0,20
4283,8566,TOP.SimTop.cpu.l_soc.core_with_l2.core.backend.inner_intExuBlock.exus_7.csr.io_in,0,1,0,20
4284,8568,TOP.SimTop.cpu.l_soc.core_with_l2.core.backend.inner_intExuBlock.exus_7.csr.io_in,0,1,0,20
4285,8570,TOP.SimTop.cpu.l_soc.core_with_l2.core.backend.inner_intExuBlock.exus_7.csr.io_in,0,1,0,20
4286,8572,TOP.SimTop.cpu.l_soc.core_with_l2.core.backend.inner_intExuBlock.exus_7.csr.io_in,0,1,0,20
4287,8574,TOP.SimTop.cpu.l_soc.core_with_l2.core.backend.inner_intExuBlock.exus_7.csr.io_in,0,1,0,20
4288,8576,TOP.SimTop.cpu.l_soc.core_with_l2.core.backend.inner_intExuBlock.exus_7.csr.io_in,0,1,0,20
4289,8578,TOP.SimTop.cpu.l_soc.core_with_l2.core.backend.inner_intExuBlock.exus_7.csr.io_in,0,1,0,20
4290,8580,TOP.SimTop.cpu.l_soc.core_with_l2.core.backend.inner_intExuBlock.exus_7.csr.io_in,0,1,0,20
4291,8582,TOP.SimTop.cpu.l_soc.core_with_l2.core.backend.inner_intExuBlock.exus_7.csr.io_in,0,1,0,20
4292,8584,TOP.SimTop.cpu.l_soc.core_with_l2.core.backend.inner_intExuBlock.exus_7.csr.io_in,0,1,0,20
4293,8586,TOP.SimTop.cpu.l_soc.core_with_l2.core.backend.inner_intExuBlock.exus_7.csr.io_in,0,1,0,20
4294,8588,TOP.SimTop.cpu.l_soc.core_with_l2.core.backend.inner_intExuBlock.exus_7.csr.io_in,1,1,1,20
4295,8590,TOP.SimTop.cpu.l_soc.core_with_l2.core.backend.inner_intExuBlock.exus_7.csr.io_in,0,0,0,21
4296,8592,TOP.SimTop.cpu.l_soc.core_with_l2.core.backend.inner_intExuBlock.exus_7.csr.io_in,1,1,1,21
4297,8594,TOP.SimTop.cpu.l_soc.core_with_l2.core.backend.inner_intExuBlock.exus_7.csr.io_in,0,0,0,21
4298,8596,TOP.SimTop.cpu.l_soc.core_with_l2.core.backend.inner_intExuBlock.exus_7.csr.io_in,0,1,0,21
4299,8598,TOP.SimTop.cpu.l_soc.core_with_l2.core.backend.inner_intExuBlock.exus_7.csr.io_in,1,1,1,22
4300,8600,TOP.SimTop.cpu.l_soc.core_with_l2.core.backend.inner_intExuBlock.exus_7.csr.io_in,0,0,0,22
4301,8602,TOP.SimTop.cpu.l_soc.core_with_l2.core.backend.inner_intExuBlock.exus_7.csr.io_in,0,1,0,22
4302,8604,TOP.SimTop.cpu.l_soc.core_with_l2.core.backend.inner_intExuBlock.exus_7.csr.io_in,0,1,0,22
4303,8606,TOP.SimTop.cpu.l_soc.core_with_l2.core.backend.inner_intExuBlock.exus_7.csr.io_in,0,1,0,22
4304,8608,TOP.SimTop.cpu.l_soc.core_with_l2.core.backend.inner_intExuBlock.exus_7.csr.io_in,0,1,0,22
4305,8610,TOP.SimTop.cpu.l_soc.core_with_l2.core.backend.inner_intExuBlock.exus_7.csr.io_in,0,1,0,22
4306,8612,TOP.SimTop.cpu.l_soc.core_with_l2.core.backend.inner_intExuBlock.exus_7.csr.io_in,0,1,0,22
4307,8614,TOP.SimTop.cpu.l_soc.core_with_l2.core.backend.inner_intExuBlock.exus_7.csr.io_in,0,1,0,22
4308,8616,TOP.SimTop.cpu.l_soc.core_with_l2.core.backend.inner_intExuBlock.exus_7.csr.io_in,1,1,1,23
4309,8618,TOP.SimTop.cpu.l_soc.core_with_l2.core.backend.inner_intExuBlock.exus_7.csr.io_in,0,0,0,23
4310,8620,TOP.SimTop.cpu.l_soc.core_with_l2.core.backend.inner_intExuBlock.exus_7.csr.io_in,0,1,0,23
4311,8622,TOP.SimTop.cpu.l_soc.core_with_l2.core.backend.inner_intExuBlock.exus_7.csr.io_in,0,1,0,23
4312,8624,TOP.SimTop.cpu.l_soc.core_with_l2.core.backend.inner_intExuBlock.exus_7.csr.io_in,0,1,0,23
4313,8626,TOP.SimTop.cpu.l_soc.core_with_l2.core.backend.inner_intExuBlock.exus_7.csr.io_in,0,1,0,23
4314,8628,TOP.SimTop.cpu.l_soc.core_with_l2.core.backend.inner_intExuBlock.exus_7.csr.io_in,0,1,0,23
4315,8630,TOP.SimTop.cpu.l_soc.core_with_l2.core.backend.inner_intExuBlock.exus_7.csr.io_in,0,1,0,23
4316,8632,TOP.SimTop.cpu.l_soc.core_with_l2.core.backend.inner_intExuBlock.exus_7.csr.io_in,0,1,0,23
4317,8634,TOP.SimTop.cpu.l_soc.core_with_l2.core.backend.inner_intExuBlock.exus_7.csr.io_in,0,1,0,23
4318,8636,TOP.SimTop.cpu.l_soc.core_with_l2.core.backend.inner_intExuBlock.exus_7.csr.io_in,0,1,0,23
4319,8638,TOP.SimTop.cpu.l_soc.core_with_l2.core.backend.inner_intExuBlock.exus_7.csr.io_in,0,1,0,23
4320,8640,TOP.SimTop.cpu.l_soc.core_with_l2.core.backend.inner_intExuBlock.exus_7.csr.io_in,0,1,0,23
4321,8642,TOP.SimTop.cpu.l_soc.core_with_l2.core.backend.inner_intExuBlock.exus_7.csr.io_in,0,1,0,23
4322,8644,TOP.SimTop.cpu.l_soc.core_with_l2.core.backend.inner_intExuBlock.exus_7.csr.io_in,0,1,0,23
4323,8646,TOP.SimTop.cpu.l_soc.core_with_l2.core.backend.inner_intExuBlock.exus_7.csr.io_in,0,1,0,23
4324,8648,TOP.SimTop.cpu.l_soc.core_with_l2.core.backend.inner_intExuBlock.exus_7.csr.io_in,1,1,1,41
4325,8650,TOP.SimTop.cpu.l_soc.core_with_l2.core.backend.inner_intExuBlock.exus_7.csr.io_in,0,0,0,41
4326,8652,TOP.SimTop.cpu.l_soc.core_with_l2.core.backend.inner_intExuBlock.exus_7.csr.io_in,0,1,0,41
4327,8654,TOP.SimTop.cpu.l_soc.core_with_l2.core.backend.inner_intExuBlock.exus_7.csr.io_in,0,1,0,41
4328,8656,TOP.SimTop.cpu.l_soc.core_with_l2.core.backend.inner_intExuBlock.exus_7.csr.io_in,0,1,0,41
4329,8658,TOP.SimTop.cpu.l_soc.core_with_l2.core.backend.inner_intExuBlock.exus_7.csr.io_in,0,1,0,41
4330,8660,TOP.SimTop.cpu.l_soc.core_with_l2.core.backend.inner_intExuBlock.exus_7.csr.io_in,0,1,0,41
4331,8662,TOP.SimTop.cpu.l_soc.core_with_l2.core.backend.inner_intExuBlock.exus_7.csr.io_in,0,1,0,41
4332,8664,TOP.SimTop.cpu.l_soc.core_with_l2.core.backend.inner_intExuBlock.exus_7.csr.io_in,0,1,0,41
4333,8666,TOP.SimTop.cpu.l_soc.core_with_l2.core.backend.inner_intExuBlock.exus_7.csr.io_in,1,1,1,42
4334,8668,TOP.SimTop.cpu.l_soc.core_with_l2.core.backend.inner_intExuBlock.exus_7.csr.io_in,0,0,0,42
4335,8670,TOP.SimTop.cpu.l_soc.core_with_l2.core.backend.inner_intExuBlock.exus_7.csr.io_in,0,1,0,42
4336,8672,TOP.SimTop.cpu.l_soc.core_with_l2.core.backend.inner_intExuBlock.exus_7.csr.io_in,0,1,0,42
4337,8674,TOP.SimTop.cpu.l_soc.core_with_l2.core.backend.inner_intExuBlock.exus_7.csr.io_in,0,1,0,42
4338,8676,TOP.SimTop.cpu.l_soc.core_with_l2.core.backend.inner_intExuBlock.exus_7.csr.io_in,0,1,0,42
4339,8678,TOP.SimTop.cpu.l_soc.core_with_l2.core.backend.inner_intExuBlock.exus_7.csr.io_in,0,1,0,42
4340,8680,TOP.SimTop.cpu.l_soc.core_with_l2.core.backend.inner_intExuBlock.exus_7.csr.io_in,0,1,0,42
4341,8682,TOP.SimTop.cpu.l_soc.core_with_l2.core.backend.inner_intExuBlock.exus_7.csr.io_in,0,1,0,42
4342,8684,TOP.SimTop.cpu.l_soc.core_with_l2.core.backend.inner_intExuBlock.exus_7.csr.io_in,0,1,0,42
4343,8686,TOP.SimTop.cpu.l_soc.core_with_l2.core.backend.inner_intExuBlock.exus_7.csr.io_in,0,1,0,42
4344,8688,TOP.SimTop.cpu.l_soc.core_with_l2.core.backend.inner_intExuBlock.exus_7.csr.io_in,0,1,0,42
4345,8690,TOP.SimTop.cpu.l_soc.core_with_l2.core.backend.inner_intExuBlock.exus_7.csr.io_in,0,1,0,42
4346,8692,TOP.SimTop.cpu.l_soc.core_with_l2.core.backend.inner_intExuBlock.exus_7.csr.io_in,0,1,0,42
4347,8694,TOP.SimTop.cpu.l_soc.core_with_l2.core.backend.inner_intExuBlock.exus_7.csr.io_in,0,1,0,42
4348,8696,TOP.SimTop.cpu.l_soc.core_with_l2.core.backend.inner_intExuBlock.exus_7.csr.io_in,0,1,0,42
4349,8698,TOP.SimTop.cpu.l_soc.core_with_l2.core.backend.inner_intExuBlock.exus_7.csr.io_in,0,1,0,42
4350,8700,TOP.SimTop.cpu.l_soc.core_with_l2.core.backend.inner_intExuBlock.exus_7.csr.io_in,0,1,0,42
4351,8702,TOP.SimTop.cpu.l_soc.core_with_l2.core.backend.inner_intExuBlock.exus_7.csr.io_in,0,1,0,42
4352,8704,TOP.SimTop.cpu.l_soc.core_with_l2.core.backend.inner_intExuBlock.exus_7.csr.io_in,0,1,0,42
4353,8706,TOP.SimTop.cpu.l_soc.core_with_l2.core.backend.inner_intExuBlock.exus_7.csr.io_in,0,1,0,42
4354,8708,TOP.SimTop.cpu.l_soc.core_with_l2.core.backend.inner_intExuBlock.exus_7.csr.io_in,0,1,0,42
4355,8710,TOP.SimTop.cpu.l_soc.core_with_l2.core.backend.inner_intExuBlock.exus_7.csr.io_in,0,1,0,42
4356,8712,TOP.SimTop.cpu.l_soc.core_with_l2.core.backend.inner_intExuBlock.exus_7.csr.io_in,0,1,0,42
4357,8714,TOP.SimTop.cpu.l_soc.core_with_l2.core.backend.inner_intExuBlock.exus_7.csr.io_in,0,1,0,42
4358,8716,TOP.SimTop.cpu.l_soc.core_with_l2.core.backend.inner_intExuBlock.exus_7.csr.io_in,0,1,0,42
4359,8718,TOP.SimTop.cpu.l_soc.core_with_l2.core.backend.inner_intExuBlock.exus_7.csr.io_in,0,1,0,42
4360,8720,TOP.SimTop.cpu.l_soc.core_with_l2.core.backend.inner_intExuBlock.exus_7.csr.io_in,0,1,0,42
4361,8722,TOP.SimTop.cpu.l_soc.core_with_l2.core.backend.inner_intExuBlock.exus_7.csr.io_in,0,1,0,42
4362,8724,TOP.SimTop.cpu.l_soc.core_with_l2.core.backend.inner_intExuBlock.exus_7.csr.io_in,0,1,0,42
4363,8726,TOP.SimTop.cpu.l_soc.core_with_l2.core.backend.inner_intExuBlock.exus_7.csr.io_in,0,1,0,42
4364,8728,TOP.SimTop.cpu.l_soc.core_with_l2.core.backend.inner_intExuBlock.exus_7.csr.io_in,0,1,0,42
4365,8730,TOP.SimTop.cpu.l_soc.core_with_l2.core.backend.inner_intExuBlock.exus_7.csr.io_in,0,1,0,42
4366,8732,TOP.SimTop.cpu.l_soc.core_with_l2.core.backend.inner_intExuBlock.exus_7.csr.io_in,0,1,0,42
4367,8734,TOP.SimTop.cpu.l_soc.core_with_l2.core.backend.inner_intExuBlock.exus_7.csr.io_in,0,1,0,42
4368,8736,TOP.SimTop.cpu.l_soc.core_with_l2.core.backend.inner_intExuBlock.exus_7.csr.io_in,0,1,0,42
4369,8738,TOP.SimTop.cpu.l_soc.core_with_l2.core.backend.inner_intExuBlock.exus_7.csr.io_in,0,1,0,42
4370,8740,TOP.SimTop.cpu.l_soc.core_with_l2.core.backend.inner_intExuBlock.exus_7.csr.io_in,0,1,0,42
4371,8742,TOP.SimTop.cpu.l_soc.core_with_l2.core.backend.inner_intExuBlock.exus_7.csr.io_in,0,1,0,42
4372,8744,TOP.SimTop.cpu.l_soc.core_with_l2.core.backend.inner_intExuBlock.exus_7.csr.io_in,0,1,0,42
4373,8746,TOP.SimTop.cpu.l_soc.core_with_l2.core.backend.inner_intExuBlock.exus_7.csr.io_in,0,1,0,42
4374,8748,TOP.SimTop.cpu.l_soc.core_with_l2.core.backend.inner_intExuBlock.exus_7.csr.io_in,0,1,0,42
4375,8750,TOP.SimTop.cpu.l_soc.core_with_l2.core.backend.inner_intExuBlock.exus_7.csr.io_in,0,1,0,42
4376,8752,TOP.SimTop.cpu.l_soc.core_with_l2.core.backend.inner_intExuBlock.exus_7.csr.io_in,0,1,0,42
4377,8754,TOP.SimTop.cpu.l_soc.core_with_l2.core.backend.inner_intExuBlock.exus_7.csr.io_in,0,1,0,42
4378,8756,TOP.SimTop.cpu.l_soc.core_with_l2.core.backend.inner_intExuBlock.exus_7.csr.io_in,0,1,0,42
4379,8758,TOP.SimTop.cpu.l_soc.core_with_l2.core.backend.inner_intExuBlock.exus_7.csr.io_in,0,1,0,42
4380,8760,TOP.SimTop.cpu.l_soc.core_with_l2.core.backend.inner_intExuBlock.exus_7.csr.io_in,0,1,0,42
4381,8762,TOP.SimTop.cpu.l_soc.core_with_l2.core.backend.inner_intExuBlock.exus_7.csr.io_in,0,1,0,42
4382,8764,TOP.SimTop.cpu.l_soc.core_with_l2.core.backend.inner_intExuBlock.exus_7.csr.io_in,0,1,0,42
4383,8766,TOP.SimTop.cpu.l_soc.core_with_l2.core.backend.inner_intExuBlock.exus_7.csr.io_in,0,1,0,42
4384,8768,TOP.SimTop.cpu.l_soc.core_with_l2.core.backend.inner_intExuBlock.exus_7.csr.io_in,0,1,0,42
4385,8770,TOP.SimTop.cpu.l_soc.core_with_l2.core.backend.inner_intExuBlock.exus_7.csr.io_in,0,1,0,42
4386,8772,TOP.SimTop.cpu.l_soc.core_with_l2.core.backend.inner_intExuBlock.exus_7.csr.io_in,1,1,1,52
4387,8774,TOP.SimTop.cpu.l_soc.core_with_l2.core.backend.inner_intExuBlock.exus_7.csr.io_in,0,0,0,53
4388,8776,TOP.SimTop.cpu.l_soc.core_with_l2.core.backend.inner_intExuBlock.exus_7.csr.io_in,1,1,1,53
4389,8778,TOP.SimTop.cpu.l_soc.core_with_l2.core.backend.inner_intExuBlock.exus_7.csr.io_in,0,0,0,53
4390,8780,TOP.SimTop.cpu.l_soc.core_with_l2.core.backend.inner_intExuBlock.exus_7.csr.io_in,0,1,0,53
4391,8782,TOP.SimTop.cpu.l_soc.core_with_l2.core.backend.inner_intExuBlock.exus_7.csr.io_in,1,1,1,54
4392,8784,TOP.SimTop.cpu.l_soc.core_with_l2.core.backend.inner_intExuBlock.exus_7.csr.io_in,0,0,0,54
4393,8786,TOP.SimTop.cpu.l_soc.core_with_l2.core.backend.inner_intExuBlock.exus_7.csr.io_in,0,1,0,54
4394,8788,TOP.SimTop.cpu.l_soc.core_with_l2.core.backend.inner_intExuBlock.exus_7.csr.io_in,0,1,0,54
4395,8790,TOP.SimTop.cpu.l_soc.core_with_l2.core.backend.inner_intExuBlock.exus_7.csr.io_in,0,1,0,54
4396,8792,TOP.SimTop.cpu.l_soc.core_with_l2.core.backend.inner_intExuBlock.exus_7.csr.io_in,0,1,0,54
4397,8794,TOP.SimTop.cpu.l_soc.core_with_l2.core.backend.inner_intExuBlock.exus_7.csr.io_in,0,1,0,54
4398,8796,TOP.SimTop.cpu.l_soc.core_with_l2.core.backend.inner_intExuBlock.exus_7.csr.io_in,0,1,0,54
4399,8798,TOP.SimTop.cpu.l_soc.core_with_l2.core.backend.inner_intExuBlock.exus_7.csr.io_in,0,1,0,54
4400,8800,TOP.SimTop.cpu.l_soc.core_with_l2.core.backend.inner_intExuBlock.exus_7.csr.io_in,1,1,1,55
4401,8802,TOP.SimTop.cpu.l_soc.core_with_l2.core.backend.inner_intExuBlock.exus_7.csr.io_in,0,0,0,55
4402,8804,TOP.SimTop.cpu.l_soc.core_with_l2.core.backend.inner_intExuBlock.exus_7.csr.io_in,0,1,0,55
4403,8806,TOP.SimTop.cpu.l_soc.core_with_l2.core.backend.inner_intExuBlock.exus_7.csr.io_in,0,1,0,55
4404,8808,TOP.SimTop.cpu.l_soc.core_with_l2.core.backend.inner_intExuBlock.exus_7.csr.io_in,0,1,0,55
4405,8810,TOP.SimTop.cpu.l_soc.core_with_l2.core.backend.inner_intExuBlock.exus_7.csr.io_in,0,1,0,55
4406,8812,TOP.SimTop.cpu.l_soc.core_with_l2.core.backend.inner_intExuBlock.exus_7.csr.io_in,0,1,0,55
4407,8814,TOP.SimTop.cpu.l_soc.core_with_l2.core.backend.inner_intExuBlock.exus_7.csr.io_in,0,1,0,55
4408,8816,TOP.SimTop.cpu.l_soc.core_with_l2.core.backend.inner_intExuBlock.exus_7.csr.io_in,0,1,0,55
4409,8818,TOP.SimTop.cpu.l_soc.core_with_l2.core.backend.inner_intExuBlock.exus_7.csr.io_in,0,1,0,55
4410,8820,TOP.SimTop.cpu.l_soc.core_with_l2.core.backend.inner_intExuBlock.exus_7.csr.io_in,0,1,0,55
4411,8822,TOP.SimTop.cpu.l_soc.core_with_l2.core.backend.inner_intExuBlock.exus_7.csr.io_in,0,1,0,55
4412,8824,TOP.SimTop.cpu.l_soc.core_with_l2.core.backend.inner_intExuBlock.exus_7.csr.io_in,0,1,0,55
4413,8826,TOP.SimTop.cpu.l_soc.core_with_l2.core.backend.inner_intExuBlock.exus_7.csr.io_in,0,1,0,55
4414,8828,TOP.SimTop.cpu.l_soc.core_with_l2.core.backend.inner_intExuBlock.exus_7.csr.io_in,0,1,0,55
4415,8830,TOP.SimTop.cpu.l_soc.core_with_l2.core.backend.inner_intExuBlock.exus_7.csr.io_in,0,1,0,55
4416,8832,TOP.SimTop.cpu.l_soc.core_with_l2.core.backend.inner_intExuBlock.exus_7.csr.io_in,1,1,1,73
4417,8834,TOP.SimTop.cpu.l_soc.core_with_l2.core.backend.inner_intExuBlock.exus_7.csr.io_in,0,0,0,73
4418,8836,TOP.SimTop.cpu.l_soc.core_with_l2.core.backend.inner_intExuBlock.exus_7.csr.io_in,0,1,0,73
4419,8838,TOP.SimTop.cpu.l_soc.core_with_l2.core.backend.inner_intExuBlock.exus_7.csr.io_in,0,1,0,73
4420,8840,TOP.SimTop.cpu.l_soc.core_with_l2.core.backend.inner_intExuBlock.exus_7.csr.io_in,0,1,0,73
4421,8842,TOP.SimTop.cpu.l_soc.core_with_l2.core.backend.inner_intExuBlock.exus_7.csr.io_in,0,1,0,73
4422,8844,TOP.SimTop.cpu.l_soc.core_with_l2.core.backend.inner_intExuBlock.exus_7.csr.io_in,0,1,0,73
4423,8846,TOP.SimTop.cpu.l_soc.core_with_l2.core.backend.inner_intExuBlock.exus_7.csr.io_in,0,1,0,73
4424,8848,TOP.SimTop.cpu.l_soc.core_with_l2.core.backend.inner_intExuBlock.exus_7.csr.io_in,0,1,0,73
4425,8850,TOP.SimTop.cpu.l_soc.core_with_l2.core.backend.inner_intExuBlock.exus_7.csr.io_in,1,1,1,74
4426,8852,TOP.SimTop.cpu.l_soc.core_with_l2.core.backend.inner_intExuBlock.exus_7.csr.io_in,0,0,0,74
4427,8854,TOP.SimTop.cpu.l_soc.core_with_l2.core.backend.inner_intExuBlock.exus_7.csr.io_in,0,1,0,74
4428,8856,TOP.SimTop.cpu.l_soc.core_with_l2.core.backend.inner_intExuBlock.exus_7.csr.io_in,0,1,0,74
4429,8858,TOP.SimTop.cpu.l_soc.core_with_l2.core.backend.inner_intExuBlock.exus_7.csr.io_in,0,1,0,74
4430,8860,TOP.SimTop.cpu.l_soc.core_with_l2.core.backend.inner_intExuBlock.exus_7.csr.io_in,0,1,0,74
4431,8862,TOP.SimTop.cpu.l_soc.core_with_l2.core.backend.inner_intExuBlock.exus_7.csr.io_in,0,1,0,74
4432,8864,TOP.SimTop.cpu.l_soc.core_with_l2.core.backend.inner_intExuBlock.exus_7.csr.io_in,0,1,0,74
4433,8866,TOP.SimTop.cpu.l_soc.core_with_l2.core.backend.inner_intExuBlock.exus_7.csr.io_in,0,1,0,74
4434,8868,TOP.SimTop.cpu.l_soc.core_with_l2.core.backend.inner_intExuBlock.exus_7.csr.io_in,0,1,0,74
4435,8870,TOP.SimTop.cpu.l_soc.core_with_l2.core.backend.inner_intExuBlock.exus_7.csr.io_in,0,1,0,74
4436,8872,TOP.SimTop.cpu.l_soc.core_with_l2.core.backend.inner_intExuBlock.exus_7.csr.io_in,0,1,0,74
4437,8874,TOP.SimTop.cpu.l_soc.core_with_l2.core.backend.inner_intExuBlock.exus_7.csr.io_in,0,1,0,74
4438,8876,TOP.SimTop.cpu.l_soc.core_with_l2.core.backend.inner_intExuBlock.exus_7.csr.io_in,0,1,0,74
4439,8878,TOP.SimTop.cpu.l_soc.core_with_l2.core.backend.inner_intExuBlock.exus_7.csr.io_in,0,1,0,74
4440,8880,TOP.SimTop.cpu.l_soc.core_with_l2.core.backend.inner_intExuBlock.exus_7.csr.io_in,0,1,0,74
4441,8882,TOP.SimTop.cpu.l_soc.core_with_l2.core.backend.inner_intExuBlock.exus_7.csr.io_in,0,1,0,74
4442,8884,TOP.SimTop.cpu.l_soc.core_with_l2.core.backend.inner_intExuBlock.exus_7.csr.io_in,0,1,0,74
4443,8886,TOP.SimTop.cpu.l_soc.core_with_l2.core.backend.inner_intExuBlock.exus_7.csr.io_in,0,1,0,74
4444,8888,TOP.SimTop.cpu.l_soc.core_with_l2.core.backend.inner_intExuBlock.exus_7.csr.io_in,0,1,0,74
4445,8890,TOP.SimTop.cpu.l_soc.core_with_l2.core.backend.inner_intExuBlock.exus_7.csr.io_in,0,1,0,74
4446,8892,TOP.SimTop.cpu.l_soc.core_with_l2.core.backend.inner_intExuBlock.exus_7.csr.io_in,0,1,0,74
4447,8894,TOP.SimTop.cpu.l_soc.core_with_l2.core.backend.inner_intExuBlock.exus_7.csr.io_in,0,1,0,74
4448,8896,TOP.SimTop.cpu.l_soc.core_with_l2.core.backend.inner_intExuBlock.exus_7.csr.io_in,0,1,0,74
4449,8898,TOP.SimTop.cpu.l_soc.core_with_l2.core.backend.inner_intExuBlock.exus_7.csr.io_in,0,1,0,74
4450,8900,TOP.SimTop.cpu.l_soc.core_with_l2.core.backend.inner_intExuBlock.exus_7.csr.io_in,0,1,0,74
4451,8902,TOP.SimTop.cpu.l_soc.core_with_l2.core.backend.inner_intExuBlock.exus_7.csr.io_in,0,1,0,74
4452,8904,TOP.SimTop.cpu.l_soc.core_with_l2.core.backend.inner_intExuBlock.exus_7.csr.io_in,0,1,0,74
4453,8906,TOP.SimTop.cpu.l_soc.core_with_l2.core.backend.inner_intExuBlock.exus_7.csr.io_in,0,1,0,74
4454,8908,TOP.SimTop.cpu.l_soc.core_with_l2.core.backend.inner_intExuBlock.exus_7.csr.io_in,0,1,0,74
4455,8910,TOP.SimTop.cpu.l_soc.core_with_l2.core.backend.inner_intExuBlock.exus_7.csr.io_in,0,1,0,74
4456,8912,TOP.SimTop.cpu.l_soc.core_with_l2.core.backend.inner_intExuBlock.exus_7.csr.io_in,0,1,0,74
4245,8490,TOP.SimTop.cpu.l_soc.core_with_l2.core.backend.inner_intExuBlock.exus_7.csr.io_out,0,1,0,5
4246,8492,TOP.SimTop.cpu.l_soc.core_with_l2.core.backend.inner_intExuBlock.exus_7.csr.io_out,1,1,1,8
4247,8494,TOP.SimTop.cpu.l_soc.core_with_l2.core.backend.inner_intExuBlock.exus_7.csr.io_out,0,1,0,8
4248,8496,TOP.SimTop.cpu.l_soc.core_with_l2.core.backend.inner_intExuBlock.exus_7.csr.io_out,0,1,0,8
4249,8498,TOP.SimTop.cpu.l_soc.core_with_l2.core.backend.inner_intExuBlock.exus_7.csr.io_out,0,1,0,8
4250,8500,TOP.SimTop.cpu.l_soc.core_with_l2.core.backend.inner_intExuBlock.exus_7.csr.io_out,0,1,0,8
4251,8502,TOP.SimTop.cpu.l_soc.core_with_l2.core.backend.inner_intExuBlock.exus_7.csr.io_out,0,1,0,8
4252,8504,TOP.SimTop.cpu.l_soc.core_with_l2.core.backend.inner_intExuBlock.exus_7.csr.io_out,0,1,0,8
4253,8506,TOP.SimTop.cpu.l_soc.core_with_l2.core.backend.inner_intExuBlock.exus_7.csr.io_out,0,1,0,8
4254,8508,TOP.SimTop.cpu.l_soc.core_with_l2.core.backend.inner_intExuBlock.exus_7.csr.io_out,0,1,0,8
4255,8510,TOP.SimTop.cpu.l_soc.core_with_l2.core.backend.inner_intExuBlock.exus_7.csr.io_out,0,1,0,8
4256,8512,TOP.SimTop.cpu.l_soc.core_with_l2.core.backend.inner_intExuBlock.exus_7.csr.io_out,0,1,0,8
4257,8514,TOP.SimTop.cpu.l_soc.core_with_l2.core.backend.inner_intExuBlock.exus_7.csr.io_out,0,1,0,8
4258,8516,TOP.SimTop.cpu.l_soc.core_with_l2.core.backend.inner_intExuBlock.exus_7.csr.io_out,0,1,0,8
4259,8518,TOP.SimTop.cpu.l_soc.core_with_l2.core.backend.inner_intExuBlock.exus_7.csr.io_out,0,1,0,8
4260,8520,TOP.SimTop.cpu.l_soc.core_with_l2.core.backend.inner_intExuBlock.exus_7.csr.io_out,0,1,0,8
4261,8522,TOP.SimTop.cpu.l_soc.core_with_l2.core.backend.inner_intExuBlock.exus_7.csr.io_out,0,1,0,8
4262,8524,TOP.SimTop.cpu.l_soc.core_with_l2.core.backend.inner_intExuBlock.exus_7.csr.io_out,0,1,0,8
4263,8526,TOP.SimTop.cpu.l_soc.core_with_l2.core.backend.inner_intExuBlock.exus_7.csr.io_out,0,1,0,8
4264,8528,TOP.SimTop.cpu.l_soc.core_with_l2.core.backend.inner_intExuBlock.exus_7.csr.io_out,0,1,0,8
4265,8530,TOP.SimTop.cpu.l_soc.core_with_l2.core.backend.inner_intExuBlock.exus_7.csr.io_out,0,1,0,8
4266,8532,TOP.SimTop.cpu.l_soc.core_with_l2.core.backend.inner_intExuBlock.exus_7.csr.io_out,0,1,0,8
4267,8534,TOP.SimTop.cpu.l_soc.core_with_l2.core.backend.inner_intExuBlock.exus_7.csr.io_out,0,1,0,8
4268,8536,TOP.SimTop.cpu.l_soc.core_with_l2.core.backend.inner_intExuBlock.exus_7.csr.io_out,0,1,0,8
4269,8538,TOP.SimTop.cpu.l_soc.core_with_l2.core.backend.inner_intExuBlock.exus_7.csr.io_out,1,1,1,20
4270,8540,TOP.SimTop.cpu.l_soc.core_with_l2.core.backend.inner_intExuBlock.exus_7.csr.io_out,0,1,0,20
4271,8542,TOP.SimTop.cpu.l_soc.core_with_l2.core.backend.inner_intExuBlock.exus_7.csr.io_out,0,1,0,20
4272,8544,TOP.SimTop.cpu.l_soc.core_with_l2.core.backend.inner_intExuBlock.exus_7.csr.io_out,0,1,0,20
4273,8546,TOP.SimTop.cpu.l_soc.core_with_l2.core.backend.inner_intExuBlock.exus_7.csr.io_out,0,1,0,20
4274,8548,TOP.SimTop.cpu.l_soc.core_with_l2.core.backend.inner_intExuBlock.exus_7.csr.io_out,0,1,0,20
4275,8550,TOP.SimTop.cpu.l_soc.core_with_l2.core.backend.inner_intExuBlock.exus_7.csr.io_out,0,1,0,20
4276,8552,TOP.SimTop.cpu.l_soc.core_with_l2.core.backend.inner_intExuBlock.exus_7.csr.io_out,0,1,0,20
4277,8554,TOP.SimTop.cpu.l_soc.core_with_l2.core.backend.inner_intExuBlock.exus_7.csr.io_out,0,1,0,20
4278,8556,TOP.SimTop.cpu.l_soc.core_with_l2.core.backend.inner_intExuBlock.exus_7.csr.io_out,0,1,0,20
4279,8558,TOP.SimTop.cpu.l_soc.core_with_l2.core.backend.inner_intExuBlock.exus_7.csr.io_out,0,1,0,20
4280,8560,TOP.SimTop.cpu.l_soc.core_with_l2.core.backend.inner_intExuBlock.exus_7.csr.io_out,0,1,0,20
4281,8562,TOP.SimTop.cpu.l_soc.core_with_l2.core.backend.inner_intExuBlock.exus_7.csr.io_out,0,1,0,20
4282,8564,TOP.SimTop.cpu.l_soc.core_with_l2.core.backend.inner_intExuBlock.exus_7.csr.io_out,0,1,0,20
4283,8566,TOP.SimTop.cpu.l_soc.core_with_l2.core.backend.inner_intExuBlock.exus_7.csr.io_out,0,1,0,20
4284,8568,TOP.SimTop.cpu.l_soc.core_with_l2.core.backend.inner_intExuBlock.exus_7.csr.io_out,0,1,0,20
4285,8570,TOP.SimTop.cpu.l_soc.core_with_l2.core.backend.inner_intExuBlock.exus_7.csr.io_out,0,1,0,20
4286,8572,TOP.SimTop.cpu.l_soc.core_with_l2.core.backend.inner_intExuBlock.exus_7.csr.io_out,0,1,0,20
4287,8574,TOP.SimTop.cpu.l_soc.core_with_l2.core.backend.inner_intExuBlock.exus_7.csr.io_out,0,1,0,20
4288,8576,TOP.SimTop.cpu.l_soc.core_with_l2.core.backend.inner_intExuBlock.exus_7.csr.io_out,0,1,0,20
4289,8578,TOP.SimTop.cpu.l_soc.core_with_l2.core.backend.inner_intExuBlock.exus_7.csr.io_out,0,1,0,20
4290,8580,TOP.SimTop.cpu.l_soc.core_with_l2.core.backend.inner_intExuBlock.exus_7.csr.io_out,0,1,0,20
4291,8582,TOP.SimTop.cpu.l_soc.core_with_l2.core.backend.inner_intExuBlock.exus_7.csr.io_out,0,1,0,20
4292,8584,TOP.SimTop.cpu.l_soc.core_with_l2.core.backend.inner_intExuBlock.exus_7.csr.io_out,0,1,0,20
4293,8586,TOP.SimTop.cpu.l_soc.core_with_l2.core.backend.inner_intExuBlock.exus_7.csr.io_out,0,1,0,20
4294,8588,TOP.SimTop.cpu.l_soc.core_with_l2.core.backend.inner_intExuBlock.exus_7.csr.io_out,0,1,0,20
4295,8590,TOP.SimTop.cpu.l_soc.core_with_l2.core.backend.inner_intExuBlock.exus_7.csr.io_out,1,1,1,20
4296,8592,TOP.SimTop.cpu.l_soc.core_with_l2.core.backend.inner_intExuBlock.exus_7.csr.io_out,0,1,0,20
4297,8594,TOP.SimTop.cpu.l_soc.core_with_l2.core.backend.inner_intExuBlock.exus_7.csr.io_out,1,1,1,21
4298,8596,TOP.SimTop.cpu.l_soc.core_with_l2.core.backend.inner_intExuBlock.exus_7.csr.io_out,0,1,0,21
4299,8598,TOP.SimTop.cpu.l_soc.core_with_l2.core.backend.inner_intExuBlock.exus_7.csr.io_out,0,1,0,21
4300,8600,TOP.SimTop.cpu.l_soc.core_with_l2.core.backend.inner_intExuBlock.exus_7.csr.io_out,1,1,1,22
4301,8602,TOP.SimTop.cpu.l_soc.core_with_l2.core.backend.inner_intExuBlock.exus_7.csr.io_out,0,1,0,22
4302,8604,TOP.SimTop.cpu.l_soc.core_with_l2.core.backend.inner_intExuBlock.exus_7.csr.io_out,0,1,0,22
4303,8606,TOP.SimTop.cpu.l_soc.core_with_l2.core.backend.inner_intExuBlock.exus_7.csr.io_out,0,1,0,22
4304,8608,TOP.SimTop.cpu.l_soc.core_with_l2.core.backend.inner_intExuBlock.exus_7.csr.io_out,0,1,0,22
4305,8610,TOP.SimTop.cpu.l_soc.core_with_l2.core.backend.inner_intExuBlock.exus_7.csr.io_out,0,1,0,22
4306,8612,TOP.SimTop.cpu.l_soc.core_with_l2.core.backend.inner_intExuBlock.exus_7.csr.io_out,0,1,0,22
4307,8614,TOP.SimTop.cpu.l_soc.core_with_l2.core.backend.inner_intExuBlock.exus_7.csr.io_out,0,1,0,22
4308,8616,TOP.SimTop.cpu.l_soc.core_with_l2.core.backend.inner_intExuBlock.exus_7.csr.io_out,0,1,0,22
4309,8618,TOP.SimTop.cpu.l_soc.core_with_l2.core.backend.inner_intExuBlock.exus_7.csr.io_out,1,1,1,23
4310,8620,TOP.SimTop.cpu.l_soc.core_with_l2.core.backend.inner_intExuBlock.exus_7.csr.io_out,0,1,0,23
4311,8622,TOP.SimTop.cpu.l_soc.core_with_l2.core.backend.inner_intExuBlock.exus_7.csr.io_out,0,1,0,23
4312,8624,TOP.SimTop.cpu.l_soc.core_with_l2.core.backend.inner_intExuBlock.exus_7.csr.io_out,0,1,0,23
4313,8626,TOP.SimTop.cpu.l_soc.core_with_l2.core.backend.inner_intExuBlock.exus_7.csr.io_out,0,1,0,23
4314,8628,TOP.SimTop.cpu.l_soc.core_with_l2.core.backend.inner_intExuBlock.exus_7.csr.io_out,0,1,0,23
4315,8630,TOP.SimTop.cpu.l_soc.core_with_l2.core.backend.inner_intExuBlock.exus_7.csr.io_out,0,1,0,23
4316,8632,TOP.SimTop.cpu.l_soc.core_with_l2.core.backend.inner_intExuBlock.exus_7.csr.io_out,0,1,0,23
4317,8634,TOP.SimTop.cpu.l_soc.core_with_l2.core.backend.inner_intExuBlock.exus_7.csr.io_out,0,1,0,23
4318,8636,TOP.SimTop.cpu.l_soc.core_with_l2.core.backend.inner_intExuBlock.exus_7.csr.io_out,0,1,0,23
4319,8638,TOP.SimTop.cpu.l_soc.core_with_l2.core.backend.inner_intExuBlock.exus_7.csr.io_out,0,1,0,23
4320,8640,TOP.SimTop.cpu.l_soc.core_with_l2.core.backend.inner_intExuBlock.exus_7.csr.io_out,0,1,0,23
4321,8642,TOP.SimTop.cpu.l_soc.core_with_l2.core.backend.inner_intExuBlock.exus_7.csr.io_out,0,1,0,23
4322,8644,TOP.SimTop.cpu.l_soc.core_with_l2.core.backend.inner_intExuBlock.exus_7.csr.io_out,0,1,0,23
4323,8646,TOP.SimTop.cpu.l_soc.core_with_l2.core.backend.inner_intExuBlock.exus_7.csr.io_out,0,1,0,23
4324,8648,TOP.SimTop.cpu.l_soc.core_with_l2.core.backend.inner_intExuBlock.exus_7.csr.io_out,0,1,0,23
4325,8650,TOP.SimTop.cpu.l_soc.core_with_l2.core.backend.inner_intExuBlock.exus_7.csr.io_out,1,1,1,41
4326,8652,TOP.SimTop.cpu.l_soc.core_with_l2.core.backend.inner_intExuBlock.exus_7.csr.io_out,0,1,0,41
4327,8654,TOP.SimTop.cpu.l_soc.core_with_l2.core.backend.inner_intExuBlock.exus_7.csr.io_out,0,1,0,41
4328,8656,TOP.SimTop.cpu.l_soc.core_with_l2.core.backend.inner_intExuBlock.exus_7.csr.io_out,0,1,0,41
4329,8658,TOP.SimTop.cpu.l_soc.core_with_l2.core.backend.inner_intExuBlock.exus_7.csr.io_out,0,1,0,41
4330,8660,TOP.SimTop.cpu.l_soc.core_with_l2.core.backend.inner_intExuBlock.exus_7.csr.io_out,0,1,0,41
4331,8662,TOP.SimTop.cpu.l_soc.core_with_l2.core.backend.inner_intExuBlock.exus_7.csr.io_out,0,1,0,41
4332,8664,TOP.SimTop.cpu.l_soc.core_with_l2.core.backend.inner_intExuBlock.exus_7.csr.io_out,0,1,0,41
4333,8666,TOP.SimTop.cpu.l_soc.core_with_l2.core.backend.inner_intExuBlock.exus_7.csr.io_out,0,1,0,41
4334,8668,TOP.SimTop.cpu.l_soc.core_with_l2.core.backend.inner_intExuBlock.exus_7.csr.io_out,1,1,1,42
4335,8670,TOP.SimTop.cpu.l_soc.core_with_l2.core.backend.inner_intExuBlock.exus_7.csr.io_out,0,1,0,42
4336,8672,TOP.SimTop.cpu.l_soc.core_with_l2.core.backend.inner_intExuBlock.exus_7.csr.io_out,0,1,0,42
4337,8674,TOP.SimTop.cpu.l_soc.core_with_l2.core.backend.inner_intExuBlock.exus_7.csr.io_out,0,1,0,42
4338,8676,TOP.SimTop.cpu.l_soc.core_with_l2.core.backend.inner_intExuBlock.exus_7.csr.io_out,0,1,0,42
4339,8678,TOP.SimTop.cpu.l_soc.core_with_l2.core.backend.inner_intExuBlock.exus_7.csr.io_out,0,1,0,42
4340,8680,TOP.SimTop.cpu.l_soc.core_with_l2.core.backend.inner_intExuBlock.exus_7.csr.io_out,0,1,0,42
4341,8682,TOP.SimTop.cpu.l_soc.core_with_l2.core.backend.inner_intExuBlock.exus_7.csr.io_out,0,1,0,42
4342,8684,TOP.SimTop.cpu.l_soc.core_with_l2.core.backend.inner_intExuBlock.exus_7.csr.io_out,0,1,0,42
4343,8686,TOP.SimTop.cpu.l_soc.core_with_l2.core.backend.inner_intExuBlock.exus_7.csr.io_out,0,1,0,42
4344,8688,TOP.SimTop.cpu.l_soc.core_with_l2.core.backend.inner_intExuBlock.exus_7.csr.io_out,0,1,0,42
4345,8690,TOP.SimTop.cpu.l_soc.core_with_l2.core.backend.inner_intExuBlock.exus_7.csr.io_out,0,1,0,42
4346,8692,TOP.SimTop.cpu.l_soc.core_with_l2.core.backend.inner_intExuBlock.exus_7.csr.io_out,0,1,0,42
4347,8694,TOP.SimTop.cpu.l_soc.core_with_l2.core.backend.inner_intExuBlock.exus_7.csr.io_out,0,1,0,42
4348,8696,TOP.SimTop.cpu.l_soc.core_with_l2.core.backend.inner_intExuBlock.exus_7.csr.io_out,0,1,0,42
4349,8698,TOP.SimTop.cpu.l_soc.core_with_l2.core.backend.inner_intExuBlock.exus_7.csr.io_out,0,1,0,42
4350,8700,TOP.SimTop.cpu.l_soc.core_with_l2.core.backend.inner_intExuBlock.exus_7.csr.io_out,0,1,0,42
4351,8702,TOP.SimTop.cpu.l_soc.core_with_l2.core.backend.inner_intExuBlock.exus_7.csr.io_out,0,1,0,42
4352,8704,TOP.SimTop.cpu.l_soc.core_with_l2.core.backend.inner_intExuBlock.exus_7.csr.io_out,0,1,0,42
4353,8706,TOP.SimTop.cpu.l_soc.core_with_l2.core.backend.inner_intExuBlock.exus_7.csr.io_out,0,1,0,42
4354,8708,TOP.SimTop.cpu.l_soc.core_with_l2.core.backend.inner_intExuBlock.exus_7.csr.io_out,0,1,0,42
4355,8710,TOP.SimTop.cpu.l_soc.core_with_l2.core.backend.inner_intExuBlock.exus_7.csr.io_out,0,1,0,42
4356,8712,TOP.SimTop.cpu.l_soc.core_with_l2.core.backend.inner_intExuBlock.exus_7.csr.io_out,0,1,0,42
4357,8714,TOP.SimTop.cpu.l_soc.core_with_l2.core.backend.inner_intExuBlock.exus_7.csr.io_out,0,1,0,42
4358,8716,TOP.SimTop.cpu.l_soc.core_with_l2.core.backend.inner_intExuBlock.exus_7.csr.io_out,0,1,0,42
4359,8718,TOP.SimTop.cpu.l_soc.core_with_l2.core.backend.inner_intExuBlock.exus_7.csr.io_out,0,1,0,42
4360,8720,TOP.SimTop.cpu.l_soc.core_with_l2.core.backend.inner_intExuBlock.exus_7.csr.io_out,0,1,0,42
4361,8722,TOP.SimTop.cpu.l_soc.core_with_l2.core.backend.inner_intExuBlock.exus_7.csr.io_out,0,1,0,42
4362,8724,TOP.SimTop.cpu.l_soc.core_with_l2.core.backend.inner_intExuBlock.exus_7.csr.io_out,0,1,0,42
4363,8726,TOP.SimTop.cpu.l_soc.core_with_l2.core.backend.inner_intExuBlock.exus_7.csr.io_out,0,1,0,42
4364,8728,TOP.SimTop.cpu.l_soc.core_with_l2.core.backend.inner_intExuBlock.exus_7.csr.io_out,0,1,0,42
4365,8730,TOP.SimTop.cpu.l_soc.core_with_l2.core.backend.inner_intExuBlock.exus_7.csr.io_out,0,1,0,42
4366,8732,TOP.SimTop.cpu.l_soc.core_with_l2.core.backend.inner_intExuBlock.exus_7.csr.io_out,0,1,0,42
4367,8734,TOP.SimTop.cpu.l_soc.core_with_l2.core.backend.inner_intExuBlock.exus_7.csr.io_out,0,1,0,42
4368,8736,TOP.SimTop.cpu.l_soc.core_with_l2.core.backend.inner_intExuBlock.exus_7.csr.io_out,0,1,0,42
4369,8738,TOP.SimTop.cpu.l_soc.core_with_l2.core.backend.inner_intExuBlock.exus_7.csr.io_out,0,1,0,42
4370,8740,TOP.SimTop.cpu.l_soc.core_with_l2.core.backend.inner_intExuBlock.exus_7.csr.io_out,0,1,0,42
4371,8742,TOP.SimTop.cpu.l_soc.core_with_l2.core.backend.inner_intExuBlock.exus_7.csr.io_out,0,1,0,42
4372,8744,TOP.SimTop.cpu.l_soc.core_with_l2.core.backend.inner_intExuBlock.exus_7.csr.io_out,0,1,0,42
4373,8746,TOP.SimTop.cpu.l_soc.core_with_l2.core.backend.inner_intExuBlock.exus_7.csr.io_out,0,1,0,42
4374,8748,TOP.SimTop.cpu.l_soc.core_with_l2.core.backend.inner_intExuBlock.exus_7.csr.io_out,0,1,0,42
4375,8750,TOP.SimTop.cpu.l_soc.core_with_l2.core.backend.inner_intExuBlock.exus_7.csr.io_out,0,1,0,42
4376,8752,TOP.SimTop.cpu.l_soc.core_with_l2.core.backend.inner_intExuBlock.exus_7.csr.io_out,0,1,0,42
4377,8754,TOP.SimTop.cpu.l_soc.core_with_l2.core.backend.inner_intExuBlock.exus_7.csr.io_out,0,1,0,42
4378,8756,TOP.SimTop.cpu.l_soc.core_with_l2.core.backend.inner_intExuBlock.exus_7.csr.io_out,0,1,0,42
4379,8758,TOP.SimTop.cpu.l_soc.core_with_l2.core.backend.inner_intExuBlock.exus_7.csr.io_out,0,1,0,42
4380,8760,TOP.SimTop.cpu.l_soc.core_with_l2.core.backend.inner_intExuBlock.exus_7.csr.io_out,0,1,0,42
4381,8762,TOP.SimTop.cpu.l_soc.core_with_l2.core.backend.inner_intExuBlock.exus_7.csr.io_out,0,1,0,42
4382,8764,TOP.SimTop.cpu.l_soc.core_with_l2.core.backend.inner_intExuBlock.exus_7.csr.io_out,0,1,0,42
4383,8766,TOP.SimTop.cpu.l_soc.core_with_l2.core.backend.inner_intExuBlock.exus_7.csr.io_out,0,1,0,42
4384,8768,TOP.SimTop.cpu.l_soc.core_with_l2.core.backend.inner_intExuBlock.exus_7.csr.io_out,0,1,0,42
4385,8770,TOP.SimTop.cpu.l_soc.core_with_l2.core.backend.inner_intExuBlock.exus_7.csr.io_out,0,1,0,42
4386,8772,TOP.SimTop.cpu.l_soc.core_with_l2.core.backend.inner_intExuBlock.exus_7.csr.io_out,0,1,0,42
4387,8774,TOP.SimTop.cpu.l_soc.core_with_l2.core.backend.inner_intExuBlock.exus_7.csr.io_out,1,1,1,52
4388,8776,TOP.SimTop.cpu.l_soc.core_with_l2.core.backend.inner_intExuBlock.exus_7.csr.io_out,0,1,0,52
4389,8778,TOP.SimTop.cpu.l_soc.core_with_l2.core.backend.inner_intExuBlock.exus_7.csr.io_out,1,1,1,53
4390,8780,TOP.SimTop.cpu.l_soc.core_with_l2.core.backend.inner_intExuBlock.exus_7.csr.io_out,0,1,0,53
4391,8782,TOP.SimTop.cpu.l_soc.core_with_l2.core.backend.inner_intExuBlock.exus_7.csr.io_out,0,1,0,53
4392,8784,TOP.SimTop.cpu.l_soc.core_with_l2.core.backend.inner_intExuBlock.exus_7.csr.io_out,1,1,1,54
4393,8786,TOP.SimTop.cpu.l_soc.core_with_l2.core.backend.inner_intExuBlock.exus_7.csr.io_out,0,1,0,54
4394,8788,TOP.SimTop.cpu.l_soc.core_with_l2.core.backend.inner_intExuBlock.exus_7.csr.io_out,0,1,0,54
4395,8790,TOP.SimTop.cpu.l_soc.core_with_l2.core.backend.inner_intExuBlock.exus_7.csr.io_out,0,1,0,54
4396,8792,TOP.SimTop.cpu.l_soc.core_with_l2.core.backend.inner_intExuBlock.exus_7.csr.io_out,0,1,0,54
4397,8794,TOP.SimTop.cpu.l_soc.core_with_l2.core.backend.inner_intExuBlock.exus_7.csr.io_out,0,1,0,54
4398,8796,TOP.SimTop.cpu.l_soc.core_with_l2.core.backend.inner_intExuBlock.exus_7.csr.io_out,0,1,0,54
4399,8798,TOP.SimTop.cpu.l_soc.core_with_l2.core.backend.inner_intExuBlock.exus_7.csr.io_out,0,1,0,54
4400,8800,TOP.SimTop.cpu.l_soc.core_with_l2.core.backend.inner_intExuBlock.exus_7.csr.io_out,0,1,0,54
4401,8802,TOP.SimTop.cpu.l_soc.core_with_l2.core.backend.inner_intExuBlock.exus_7.csr.io_out,1,1,1,55
4402,8804,TOP.SimTop.cpu.l_soc.core_with_l2.core.backend.inner_intExuBlock.exus_7.csr.io_out,0,1,0,55
4403,8806,TOP.SimTop.cpu.l_soc.core_with_l2.core.backend.inner_intExuBlock.exus_7.csr.io_out,0,1,0,55
4404,8808,TOP.SimTop.cpu.l_soc.core_with_l2.core.backend.inner_intExuBlock.exus_7.csr.io_out,0,1,0,55
4405,8810,TOP.SimTop.cpu.l_soc.core_with_l2.core.backend.inner_intExuBlock.exus_7.csr.io_out,0,1,0,55
4406,8812,TOP.SimTop.cpu.l_soc.core_with_l2.core.backend.inner_intExuBlock.exus_7.csr.io_out,0,1,0,55
4407,8814,TOP.SimTop.cpu.l_soc.core_with_l2.core.backend.inner_intExuBlock.exus_7.csr.io_out,0,1,0,55
4408,8816,TOP.SimTop.cpu.l_soc.core_with_l2.core.backend.inner_intExuBlock.exus_7.csr.io_out,0,1,0,55
4409,8818,TOP.SimTop.cpu.l_soc.core_with_l2.core.backend.inner_intExuBlock.exus_7.csr.io_out,0,1,0,55
4410,8820,TOP.SimTop.cpu.l_soc.core_with_l2.core.backend.inner_intExuBlock.exus_7.csr.io_out,0,1,0,55
4411,8822,TOP.SimTop.cpu.l_soc.core_with_l2.core.backend.inner_intExuBlock.exus_7.csr.io_out,0,1,0,55
4412,8824,TOP.SimTop.cpu.l_soc.core_with_l2.core.backend.inner_intExuBlock.exus_7.csr.io_out,0,1,0,55
4413,8826,TOP.SimTop.cpu.l_soc.core_with_l2.core.backend.inner_intExuBlock.exus_7.csr.io_out,0,1,0,55
4414,8828,TOP.SimTop.cpu.l_soc.core_with_l2.core.backend.inner_intExuBlock.exus_7.csr.io_out,0,1,0,55
4415,8830,TOP.SimTop.cpu.l_soc.core_with_l2.core.backend.inner_intExuBlock.exus_7.csr.io_out,0,1,0,55
4416,8832,TOP.SimTop.cpu.l_soc.core_with_l2.core.backend.inner_intExuBlock.exus_7.csr.io_out,0,1,0,55
4417,8834,TOP.SimTop.cpu.l_soc.core_with_l2.core.backend.inner_intExuBlock.exus_7.csr.io_out,1,1,1,73
4418,8836,TOP.SimTop.cpu.l_soc.core_with_l2.core.backend.inner_intExuBlock.exus_7.csr.io_out,0,1,0,73
4419,8838,TOP.SimTop.cpu.l_soc.core_with_l2.core.backend.inner_intExuBlock.exus_7.csr.io_out,0,1,0,73
4420,8840,TOP.SimTop.cpu.l_soc.core_with_l2.core.backend.inner_intExuBlock.exus_7.csr.io_out,0,1,0,73
4421,8842,TOP.SimTop.cpu.l_soc.core_with_l2.core.backend.inner_intExuBlock.exus_7.csr.io_out,0,1,0,73
4422,8844,TOP.SimTop.cpu.l_soc.core_with_l2.core.backend.inner_intExuBlock.exus_7.csr.io_out,0,1,0,73
4423,8846,TOP.SimTop.cpu.l_soc.core_with_l2.core.backend.inner_intExuBlock.exus_7.csr.io_out,0,1,0,73
4424,8848,TOP.SimTop.cpu.l_soc.core_with_l2.core.backend.inner_intExuBlock.exus_7.csr.io_out,0,1,0,73
4425,8850,TOP.SimTop.cpu.l_soc.core_with_l2.core.backend.inner_intExuBlock.exus_7.csr.io_out,0,1,0,73
4426,8852,TOP.SimTop.cpu.l_soc.core_with_l2.core.backend.inner_intExuBlock.exus_7.csr.io_out,1,1,1,74
4427,8854,TOP.SimTop.cpu.l_soc.core_with_l2.core.backend.inner_intExuBlock.exus_7.csr.io_out,0,1,0,74
4428,8856,TOP.SimTop.cpu.l_soc.core_with_l2.core.backend.inner_intExuBlock.exus_7.csr.io_out,0,1,0,74
4429,8858,TOP.SimTop.cpu.l_soc.core_with_l2.core.backend.inner_intExuBlock.exus_7.csr.io_out,0,1,0,74
4430,8860,TOP.SimTop.cpu.l_soc.core_with_l2.core.backend.inner_intExuBlock.exus_7.csr.io_out,0,1,0,74
4431,8862,TOP.SimTop.cpu.l_soc.core_with_l2.core.backend.inner_intExuBlock.exus_7.csr.io_out,0,1,0,74
4432,8864,TOP.SimTop.cpu.l_soc.core_with_l2.core.backend.inner_intExuBlock.exus_7.csr.io_out,0,1,0,74
4433,8866,TOP.SimTop.cpu.l_soc.core_with_l2.core.backend.inner_intExuBlock.exus_7.csr.io_out,0,1,0,74
4434,8868,TOP.SimTop.cpu.l_soc.core_with_l2.core.backend.inner_intExuBlock.exus_7.csr.io_out,0,1,0,74
4435,8870,TOP.SimTop.cpu.l_soc.core_with_l2.core.backend.inner_intExuBlock.exus_7.csr.io_out,0,1,0,74
4436,8872,TOP.SimTop.cpu.l_soc.core_with_l2.core.backend.inner_intExuBlock.exus_7.csr.io_out,0,1,0,74
4437,8874,TOP.SimTop.cpu.l_soc.core_with_l2.core.backend.inner_intExuBlock.exus_7.csr.io_out,0,1,0,74
4438,8876,TOP.SimTop.cpu.l_soc.core_with_l2.core.backend.inner_intExuBlock.exus_7.csr.io_out,0,1,0,74
4439,8878,TOP.SimTop.cpu.l_soc.core_with_l2.core.backend.inner_intExuBlock.exus_7.csr.io_out,0,1,0,74
4440,8880,TOP.SimTop.cpu.l_soc.core_with_l2.core.backend.inner_intExuBlock.exus_7.csr.io_out,0,1,0,74
4441,8882,TOP.SimTop.cpu.l_soc.core_with_l2.core.backend.inner_intExuBlock.exus_7.csr.io_out,0,1,0,74
4442,8884,TOP.SimTop.cpu.l_soc.core_with_l2.core.backend.inner_intExuBlock.exus_7.csr.io_out,0,1,0,74
4443,8886,TOP.SimTop.cpu.l_soc.core_with_l2.core.backend.inner_intExuBlock.exus_7.csr.io_out,0,1,0,74
4444,8888,TOP.SimTop.cpu.l_soc.core_with_l2.core.backend.inner_intExuBlock.exus_7.csr.io_out,0,1,0,74
4445,8890,TOP.SimTop.cpu.l_soc.core_with_l2.core.backend.inner_intExuBlock.exus_7.csr.io_out,0,1,0,74
4446,8892,TOP.SimTop.cpu.l_soc.core_with_l2.core.backend.inner_intExuBlock.exus_7.csr.io_out,0,1,0,74
4447,8894,TOP.SimTop.cpu.l_soc.core_with_l2.core.backend.inner_intExuBlock.exus_7.csr.io_out,0,1,0,74
4448,8896,TOP.SimTop.cpu.l_soc.core_with_l2.core.backend.inner_intExuBlock.exus_7.csr.io_out,0,1,0,74
4449,8898,TOP.SimTop.cpu.l_soc.core_with_l2.core.backend.inner_intExuBlock.exus_7.csr.io_out,0,1,0,74
4450,8900,TOP.SimTop.cpu.l_soc.core_with_l2.core.backend.inner_intExuBlock.exus_7.csr.io_out,0,1,0,74
4451,8902,TOP.SimTop.cpu.l_soc.core_with_l2.core.backend.inner_intExuBlock.exus_7.csr.io_out,0,1,0,74
4452,8904,TOP.SimTop.cpu.l_soc.core_with_l2.core.backend.inner_intExuBlock.exus_7.csr.io_out,0,1,0,74
4453,8906,TOP.SimTop.cpu.l_soc.core_with_l2.core.backend.inner_intExuBlock.exus_7.csr.io_out,0,1,0,74
4454,8908,TOP.SimTop.cpu.l_soc.core_with_l2.core.backend.inner_intExuBlock.exus_7.csr.io_out,0,1,0,74
4455,8910,TOP.SimTop.cpu.l_soc.core_with_l2.core.backend.inner_intExuBlock.exus_7.csr.io_out,0,1,0,74
4456,8912,TOP.SimTop.cpu.l_soc.core_with_l2.core.backend.inner_intExuBlock.exus_7.csr.io_out,0,1,0,74
